metadataAddress,mintAddress,updateAuthorityAddress,editionNonce,tokenStandard,name,symbol,uri
9Yn9tZNGR79ygY4zJoNww7Q2vjMThsyZV1QhBsc7YjM2,Cib2ukdRUuqVV3iDhZxztwazorhGRomi3SC2dyY32dve,STEPNq2UGeGSzCyGVr2nMQAzf8xuejwqebd84wcksCK,254,NonFungible,Sneaker #275349042,,https://api.stepn.com/run/nftjson/103/188812477349
7AXUssbVZhqFfBW7TwWVPBEQY6yXvrE8dMtiP4V9DiVS,XdqXTaehCHcB9p2iVdmhXebBVJBPGCWfAATM2bkv8wd,STEPNq2UGeGSzCyGVr2nMQAzf8xuejwqebd84wcksCK,255,NonFungible,Sneaker #725693264,,https://api.stepn.com/run/nftjson/103/21633140021
AxXtuf1Rydey4mQjzut1E86qUQP9Lv7c9nHKP8itz3gm,Bv4fzfCE4pUGfcoY8N8QnVqEiTPWNGJSmu7MzWUAvtcj,STEPNq2UGeGSzCyGVr2nMQAzf8xuejwqebd84wcksCK,255,NonFungible,Sneaker #343089723,,https://api.stepn.io/run/nftjson/103/195161701093
5BaQvibv1R7amZsW3GZbSt5AHiF9mXHy85TiFbeUK5ZD,BsyPXdraXeF6mDr95NntULqsqXjHsFpf2j2NHtMMKQzK,STEPNq2UGeGSzCyGVr2nMQAzf8xuejwqebd84wcksCK,254,NonFungible,Sneaker #735584385,,https://api.stepn.com/run/nftjson/103/179571361211
FuDqo6Mg6di8yW22KZSaV6YoDgGBXRhAb84NvA2QcwCG,8q3E9GxEPMEmv8X4ZnBgEcN3w1EWfSkoZVJfiEuWRwRZ,GH4QhJznKEHHv44AqEH5SUohkUauWyAFtu5u8zUWUKL4,255,,STEPN Shoebox #457,,https://api.stepn.io/run/nftjson/103/235923696
Atfzn1dcBL6P81EqrsVBKavQq5K4FBQaigM9eDQ8rFe4,DLp7a3urJWnns89FFzK47BWBHaSNtSVby3mUpJs3aVpG,STEPNq2UGeGSzCyGVr2nMQAzf8xuejwqebd84wcksCK,253,NonFungible,Sneaker #911054710,,https://api.stepn.com/run/nftjson/103/186736692023
DywafyTmDTs34o5AHN5FqjpRJiduYh8TVz4KzFg9Cr9A,EidW1Cnm8cJfBgkJPz6xb1cpM7FgxhxaRMRvRRb4YZ7L,STEPNq2UGeGSzCyGVr2nMQAzf8xuejwqebd84wcksCK,255,NonFungible,Sneaker #339687911,,https://api.stepn.io/run/nftjson/103/173348022759
9iQfZhXUfARMu9unp8wufHkd5i1RYvFwqbzECWaqFLf,FNHVzjHVLEgPZxTFQmLfDABFptrCe1BtLnYXBc41KWHP,STEPNq2UGeGSzCyGVr2nMQAzf8xuejwqebd84wcksCK,255,NonFungible,Sneaker #289175934,,https://api.stepn.com/run/nftjson/103/77129326171
AqM438vHTbNHWS74qmFPFHAuUr9FRphNCpd7vZfxVX49,9uAijAv2jUn3tp8d1CRvSJK74diffmNtMAAAg15yD9k,STEPNq2UGeGSzCyGVr2nMQAzf8xuejwqebd84wcksCK,255,NonFungible,Sneaker #112145580,,https://api.stepn.io/run/nftjson/103/192173703865
AembaCgjVypVmvtrehGmukJ5BJE8tJhgbSXMKaecfFqV,6zq8CsS5QcQHweSRjmbYSiqyxNXzvLZy5357AWjeGcW5,STEPNq2UGeGSzCyGVr2nMQAzf8xuejwqebd84wcksCK,255,NonFungible,Sneaker #499806888,,https://api.stepn.com/run/nftjson/103/193696339187
4czkudczPawUgSvYs8rvJKusXZxduVUM5pomNjiMsX3j,69dgpBfKB5BJQYs4S8REqnxBTF15ECxmhYR5ByqkBrgM,STEPNq2UGeGSzCyGVr2nMQAzf8xuejwqebd84wcksCK,255,NonFungible,Sneaker #283707926,,https://api.stepn.com/run/nftjson/103/72603457737
FJM3sLSwGEt8GY5gZHEhBn9XovsEzjtU7qQSbUFvGtZq,2TU6gEcmVfk8eqYUY5fFp1U4xH7CAcQ8VxvHXZwy94BV,STEPNq2UGeGSzCyGVr2nMQAzf8xuejwqebd84wcksCK,253,NonFungible,Sneaker #233286604,,https://api.stepn.com/run/nftjson/103/199928201907
AB6NFYse6edrVRRH1KYrDQvFgLdnrMtXHDZJfuVKFiGi,DPeRz91yhuM3H8Fy7aGitwZvdg6L9a7CeyNZPpxoac8n,STEPNq2UGeGSzCyGVr2nMQAzf8xuejwqebd84wcksCK,254,NonFungible,Sneaker #370778384,,https://api.stepn.io/run/nftjson/103/379283793
HbhpaPdYwvQgaigCUx2H6q9XB3DBx1JW7wKabzLu7L81,FEkKZZ8FNxuksJsENHaseXMqfa6wTTmLFN4rxBUweNSm,STEPNq2UGeGSzCyGVr2nMQAzf8xuejwqebd84wcksCK,254,NonFungible,Sneaker #188959159,,https://api.stepn.io/run/nftjson/103/47439119009
5yuffhEFErevFD6rsbRFtq8XbQcy9rFRn994kSdHmbx5,G3uZLZkTZez7EYLqAJKHepqprc7gBJ4LgLGR8ddZXQUa,STEPNq2UGeGSzCyGVr2nMQAzf8xuejwqebd84wcksCK,254,NonFungible,Sneaker #312647536,,https://api.stepn.io/run/nftjson/103/280050337
7xqXgT9NxShSZTNmE7FRYgdcHQJccgxLErcpyGa1LES4,PqGygQ12ZUAaQyNaYiGCymrA1LXR8AnT94QUGksCv1A,STEPNq2UGeGSzCyGVr2nMQAzf8xuejwqebd84wcksCK,252,,STEPN Shoebox #203594384,,https://api.stepn.io/run/nftjson/103/203594384
CuWA6rrAeWaJGfm9kgSbo56QhqCLvJjx6gdYN2cRfLRg,2WcK8Tnv3JeL654RvB4HZaUjygTv5HAYvmsSmGtUVLNm,STEPNq2UGeGSzCyGVr2nMQAzf8xuejwqebd84wcksCK,255,NonFungible,Sneaker #610062780,,https://api.stepn.com/run/nftjson/103/125221222311
CQv9xpVy9PvYCLpAQJJRVd7Zwt3dZP7eX4BH3orQaeRr,3SYriLSRVRmsRoSXFsv6PMURiiyKnZThVbs2gur6Ljvk,STEPNq2UGeGSzCyGVr2nMQAzf8xuejwqebd84wcksCK,250,NonFungible,Sneaker #210391834,,https://api.stepn.com/run/nftjson/103/68066437819
9grBccmdmpJj84gmMsaQUETvXkwJ2xiRnADUbcYoPZEj,Gc6CnRqdwxLhXAo4Dc2oCzBHudmqfXHX8XmUtpeNSBaw,STEPNq2UGeGSzCyGVr2nMQAzf8xuejwqebd84wcksCK,255,NonFungible,Sneaker #380304500,,https://api.stepn.com/run/nftjson/103/192803061489
8wmRhiQFWaxcD6Rx8k89WswvNXbrocf4qpmGXxNfFwTN,C2E7xQTHZ7QbU93TmQyg1RSrwr3fuQkhYhD2NSohtt2U,STEPNq2UGeGSzCyGVr2nMQAzf8xuejwqebd84wcksCK,255,NonFungible,STEPN Shoebox #297285625,,https://api.stepn.io/run/nftjson/103/181015774858
Gz5fPhtEYcQpMHuVREVeqNUUtnf9VkYuysRzLrHss9eU,3oC531X8JBBsPs7mkQofvxNyB2EpCUiHU7YUQdTHadao,STEPNq2UGeGSzCyGVr2nMQAzf8xuejwqebd84wcksCK,255,NonFungible,Sneaker #919010883,,https://api.stepn.com/run/nftjson/103/154394977975
8TWEfkt45X1452s6NejtyVnANSPPqW2xupD5BGTiDNdo,CtriTgmQJBmMnvC8zaw5piuqmsZVQPSnHJLtktVBXdu9,STEPNq2UGeGSzCyGVr2nMQAzf8xuejwqebd84wcksCK,254,NonFungible,Sneaker #443639318,,https://api.stepn.com/run/nftjson/103/191775866289
92KMt9jEBienYyCHUpbC5m6Q4bGHKRq1LpZGFH932qsZ,8rGMvtwhzx6mRGYf9p24f6ngjmacVjjMoK7nghpbmJfB,STEPNq2UGeGSzCyGVr2nMQAzf8xuejwqebd84wcksCK,255,NonFungible,Sneaker #878071194,,https://api.stepn.com/run/nftjson/103/172267840527
CegA1yMDGgTT6kAjrbzvsgj85ePi6skvwCCHHBXqkU9V,HhUHj7gYQRXRDoqnu5P4VFb72txUCu8X1dvYGHPD8dqL,STEPNq2UGeGSzCyGVr2nMQAzf8xuejwqebd84wcksCK,252,NonFungible,Sneaker #335531241,,https://api.stepn.com/run/nftjson/103/192947250735
65xzxQsnLGfA5XEpTJug5qiXcSqKdeTkMaVgsABBrKCW,8eCCNEg642ZiUVEtzcAhDsLY95ZDqsMeri2yxd3dWs1J,STEPNq2UGeGSzCyGVr2nMQAzf8xuejwqebd84wcksCK,255,NonFungible,Sneaker #372380888,,https://api.stepn.com/run/nftjson/103/97486718155
HxHiSLRJuPJWuRKtCRNUU4BMPWSsTAiXpFvGJc3uyCxk,AogjBJBNLxUX3RczVU6aDgganpGUYmpHouq2P8E6UgV8,STEPNq2UGeGSzCyGVr2nMQAzf8xuejwqebd84wcksCK,255,NonFungible,Sneaker #523268178,,https://api.stepn.com/run/nftjson/103/175399421027
FukYmZfxqsW7UBit3Lh36ym8GrtqwxSCo6tW4Ss21Vs1,SnteMHCa17Go3n12xapHqJjjX2wiA8j6bwaXtBj6PhC,STEPNq2UGeGSzCyGVr2nMQAzf8xuejwqebd84wcksCK,255,NonFungible,STEPN Shoebox #311077948,,https://api.stepn.io/run/nftjson/103/174134837720
11Cxg4GRWxL4Ef3YzXSgSkd8cZdrdj5Mk4eAzCtvQ6p,FSBX5PrHppSPWeQ2M9tB65GXuMVrNMTL1P8Q87jsacCh,STEPNq2UGeGSzCyGVr2nMQAzf8xuejwqebd84wcksCK,254,NonFungible,Sneaker #477000012,,https://api.stepn.io/run/nftjson/103/139622081831
FFDivV9UuzFZ4ftfeA88aMvoNX6PuVwaY6Cuy5NBdBUW,Hhz3dvrboudJJESf1hBv5q4XT3N6BTz8rRzFAbSj6nyH,STEPNq2UGeGSzCyGVr2nMQAzf8xuejwqebd84wcksCK,255,NonFungible,Sneaker #294726816,,https://api.stepn.com/run/nftjson/103/47857086935
8e9o9VcKtLVVqMygmwQUC1XPcVWj5dtj9EU6fVyjMUf2,GUzPryPEyfaYaQ2akui3KhSkypNKKagCC6WzB9GpckEx,STEPNq2UGeGSzCyGVr2nMQAzf8xuejwqebd84wcksCK,255,NonFungible,Sneaker #249144621,,https://api.stepn.io/run/nftjson/103/143351109929
7sYMRaS9g4EnLP6dfQiMZTopHnumJCLuJdomTNtJQLHb,EaBiE6pmVELYegpFUB5iovL7QMscTCsq5F4tQAugactr,STEPNq2UGeGSzCyGVr2nMQAzf8xuejwqebd84wcksCK,255,NonFungible,Sneaker #113954802,,https://api.stepn.com/run/nftjson/103/160780561693
HSbY4pK7QtteUE43qq7BLKVoUUzz7Wso8VyswsaEkqyo,EVcXBvXEy3gVNePvybQxN9u4rTHXoBkJvogpjnpA4uEf,STEPNq2UGeGSzCyGVr2nMQAzf8xuejwqebd84wcksCK,253,NonFungible,Sneaker #688255580,,https://api.stepn.io/run/nftjson/103/52352289307
7CuWPiSRmqy3oVATLA3YUxX9z1SV95bkW5zHJyNwLJ1Y,89D4VtZDehAFCoaSRyfkSyV6LswGAfv3m9jjDEKdA5m,STEPNq2UGeGSzCyGVr2nMQAzf8xuejwqebd84wcksCK,255,NonFungible,Sneaker #258442685,,https://api.stepn.com/run/nftjson/103/82209663137
G2oZCFmQ66GsSfA9i7XVSauJeokXChgmUx9hNFP9PS1P,56uTGriGciMveXRZYENdyh1sHzWw9hFuFSDBzVtZhpvw,STEPNq2UGeGSzCyGVr2nMQAzf8xuejwqebd84wcksCK,255,NonFungible,STEPN Shoebox #842910565,,https://api.stepn.com/run/nftjson/103/181993344100
9exptohcHBwhWuuiN6Sgr489UFSEeEUb6jnQJK4gZEBJ,AR8u17Wm85ftr8BkWxFkytdVvVPQMySogRyzwyNWwzY,STEPNq2UGeGSzCyGVr2nMQAzf8xuejwqebd84wcksCK,252,NonFungible,Sneaker #665849658,,https://api.stepn.com/run/nftjson/103/177405020595
7gSAFsAqRZVU99ycuUrx1spR2UGrhx471avi4nbB5EUR,Gdu9cx4R6N43rkVcy6JkFhpPiLHXUAWTLYWJA4qKsqwk,STEPNq2UGeGSzCyGVr2nMQAzf8xuejwqebd84wcksCK,254,NonFungible,Sneaker #466204531,,https://api.stepn.com/run/nftjson/103/184768271893
6KgWGc6M4X4Qb4rjxFeUQrG5mpGkS8oxERrnUhT471BG,63AhWAs66rfXn8SDBtGwBvsd1Go8iBKoAFx1YvaKj3Ey,STEPNq2UGeGSzCyGVr2nMQAzf8xuejwqebd84wcksCK,254,NonFungible,Sneaker #328978065,,https://api.stepn.com/run/nftjson/103/84612095267
A1QLfHjaDFtrH6Ytj1cUFnCHS79tYgCgXMMRUgo1beEK,CtPZjCUTMvq3YfXL52prm6m4bSRWiU3U5kUReUZ5cZWS,STEPNq2UGeGSzCyGVr2nMQAzf8xuejwqebd84wcksCK,255,NonFungible,Sneaker #486262252,,https://api.stepn.com/run/nftjson/103/46980412019
8qFWzthAbXNRUG1XchJSSTqrEZKdKUQVbHXb8rXxGQQD,6wTqpvpqJAfD1Jbe9YtV1LXApa1jTL8hCrgdp9KM9wy2,STEPNq2UGeGSzCyGVr2nMQAzf8xuejwqebd84wcksCK,254,NonFungible,Sneaker #982442882,,https://api.stepn.com/run/nftjson/103/66217742151
5WoGp79RA9wnzpLXBEFukDwegYXLtE6pTsdpsKrPXZWP,CbUHiXc1VWBv9rwXri8D5AdZKnc12PqgobAiiRSbYd7P,STEPNq2UGeGSzCyGVr2nMQAzf8xuejwqebd84wcksCK,252,NonFungible,Sneaker #322868444,,https://api.stepn.com/run/nftjson/103/81202087447
4rWJhNE7pt94e3RTxQkRJY5JAxgwsT1p7KF8Ps8NQ3Kb,oPc7GqH3qzf7NhYezpKTd38ApyAYKbhSYqpzfjht8r7,STEPNq2UGeGSzCyGVr2nMQAzf8xuejwqebd84wcksCK,253,NonFungible,Sneaker #851526172,,https://api.stepn.com/run/nftjson/103/82009084835
4YpdQ4NoAWLztK4LniDEdhFKHhbB5DdQ8V9298scdeuB,GSi7FoLasFaadWWiFYvtMy6pRpm9T4nfqzSask8kuMFZ,STEPNq2UGeGSzCyGVr2nMQAzf8xuejwqebd84wcksCK,252,NonFungible,Sneaker #447776750,,https://api.stepn.io/run/nftjson/103/39636109213
6BrkJBpJqHajNUQSNbbva5UNh9Yqau5JgSXg62pyxMxf,6nkFSiW53tb55aWGNgjmc5aAi9zBrpUcWYtKCqQzQ9Rv,STEPNq2UGeGSzCyGVr2nMQAzf8xuejwqebd84wcksCK,253,NonFungible,Sneaker #780196847,,https://api.stepn.com/run/nftjson/103/146635351867
FLJvBsoYb4w31xRTYXD3uzCxjeGD3UqNsGxRZ7uh6bbK,H4ysQSf6JLMPrcNbRjXpxZx28tEphTqQehiTGW94KLAE,STEPNq2UGeGSzCyGVr2nMQAzf8xuejwqebd84wcksCK,253,NonFungible,Sneaker #117230386,,https://api.stepn.io/run/nftjson/103/66612251171
4srU6rvUE2qywyj5x373kJ4jsbuMbdYues15PrNTWfF6,6Ds3bnkP67uu7qgfHCUf21vxk5U1Ef1QADaa45YQ94bk,STEPNq2UGeGSzCyGVr2nMQAzf8xuejwqebd84wcksCK,253,NonFungible,Sneaker #124501341,,https://api.stepn.io/run/nftjson/103/195310263615
8eMHM82VmkvWSRXpyEr4gC4TqsoBvQqGns72jNrktUge,5aUqYdPoVjwfYiaFfetY2uVdbL5w1qvXR9aUSMkcdcyo,STEPNq2UGeGSzCyGVr2nMQAzf8xuejwqebd84wcksCK,251,NonFungible,Sneaker #538465004,,https://api.stepn.com/run/nftjson/103/109345081961
A2ZkkUiqbXJGiRsS1qz3rd96K1eMxTmUFHt2KGPgVfaX,7DvX1djPZ5Uzavdkt7uu5rYKMqowiwZA8DHKWdcDgsyq,STEPNq2UGeGSzCyGVr2nMQAzf8xuejwqebd84wcksCK,255,NonFungible,Sneaker #448945840,,https://api.stepn.io/run/nftjson/103/514014049
BGJ1zmRnNSZsnHgdaFeRoer1ZRtx1Auk1Fsa3ceCiQnT,C26eEkrzrKPkt26uJha8TLXqZcqEEPTnxSe3KnSCEZeC,STEPNq2UGeGSzCyGVr2nMQAzf8xuejwqebd84wcksCK,254,NonFungible,STEPN Shoebox #493530446,,https://api.stepn.com/run/nftjson/103/186453011594
CBvQXhdGvqwU1ZhV1Xs3tg93ahQH4ECG3MBNqzyVhhbi,8hBbzqoEmo9eSSVjxP35dQ4GLzJEGjG3Hy3XKGq1QNFb,STEPNq2UGeGSzCyGVr2nMQAzf8xuejwqebd84wcksCK,254,NonFungible,Sneaker #468667665,,https://api.stepn.com/run/nftjson/103/174213990709
CsKaP5mp8xcMXzSLxRF37U8CLLCLmeFHVzyEUhqHrr3y,HyXYqqvjrxzpzq3ezugJeguymbGe9KqN1iKwbqnEN9uy,STEPNq2UGeGSzCyGVr2nMQAzf8xuejwqebd84wcksCK,253,NonFungible,Sneaker #358660848,,https://api.stepn.io/run/nftjson/103/357128161
AJGcX6HQmnYiJtCQGE2T8PCBLHMo6K3oNfD9tWEU7kma,29Epd1kV2kmL7DFPtB1BZFn9STZT5EsNSN88H6vvPttX,STEPNq2UGeGSzCyGVr2nMQAzf8xuejwqebd84wcksCK,254,NonFungible,Sneaker #612593797,,https://api.stepn.com/run/nftjson/103/102613798327
8BPQCrZVRVBWLtzCiz3ugfXd5BphYANKT82NSZk56qTt,FVmnF1rtHBskDhEqXmrkoffTP3Kjr8vNu9VDYR3xmohq,STEPNq2UGeGSzCyGVr2nMQAzf8xuejwqebd84wcksCK,254,NonFungible,Sneaker #507326032,,https://api.stepn.io/run/nftjson/103/90962469447
3yBkXMDpSMDY1cEcBeZLHpsUfwDy5xZqWBv9PKS5D6C6,EjZ2e8gA5HwQPjNuxe5VHDwEdiEZzpqC32ADbYvZGoiY,STEPNq2UGeGSzCyGVr2nMQAzf8xuejwqebd84wcksCK,255,NonFungible,Sneaker #888275626,,https://api.stepn.com/run/nftjson/103/179672902503
2KCU2vH4EMuYTPUfg9uprjHxHP1uu1uve3iaAgjEphsi,C6p9ARoQ5x3xmCkrCCB1BTBu18nLrC7HxTfPGPb7d6JU,STEPNq2UGeGSzCyGVr2nMQAzf8xuejwqebd84wcksCK,255,NonFungible,Sneaker #370114158,,https://api.stepn.io/run/nftjson/103/531030177
9c6vPAnhBRNe9WXRCagkcqFbNHcdVEWUkGay2XRBiihK,83T2kj3HqSHAWRiWtKESDM99Eukg7tf5QUMK54B7L8Rd,STEPNq2UGeGSzCyGVr2nMQAzf8xuejwqebd84wcksCK,255,NonFungible,Sneaker #508075117,,https://api.stepn.com/run/nftjson/103/38682576359
CeUpKe6x1ZK4ShSC7LsRaGcPEWP8sDVr7gD6hXGFBraX,JAteQTinnGZaw6GugG84zgCiMqgrBHCJ9cUcq91QrZ4W,STEPNq2UGeGSzCyGVr2nMQAzf8xuejwqebd84wcksCK,253,NonFungible,Sneaker #561957098,,https://api.stepn.io/run/nftjson/103/118369152087
AMrxMk8iPTmHHNbmRyTEa1Lw7t5sxWkWXqvxuSDTMSHR,HEQWwVPhQMxzD3ao1DLZgdKQaaMuoPWKvcGYNgAT2mfN,STEPNq2UGeGSzCyGVr2nMQAzf8xuejwqebd84wcksCK,251,NonFungible,Sneaker #414032332,,https://api.stepn.com/run/nftjson/103/166742653229
BXJKuLdEFfu5D9raSEgtJcFDmpsiACX7ib147uYSq9D9,6NSwWydm6LMYbMSGdHiNEJNj91YqwXU6zgHjHwKtiy6j,STEPNq2UGeGSzCyGVr2nMQAzf8xuejwqebd84wcksCK,254,NonFungible,Sneaker #356473311,,https://api.stepn.io/run/nftjson/103/173595922803
6jCzNrz9QjCa13ZUxB9Q7SKwfEPfGVqmXR5rJwnzwnZV,4sNZS2aPsTQJPCMQKCXGrCqtTcn55xV9YamsPJMkqTTD,STEPNq2UGeGSzCyGVr2nMQAzf8xuejwqebd84wcksCK,255,NonFungible,Sneaker #549785910,,https://api.stepn.com/run/nftjson/103/23026205425
BxyDM7PKqTfjzpgKsvU8BXeTxb7yYNJ6qTsc4T2DUEQf,3LSJTzgRzwpDE7Zei8CGW3DEfus8PBpv2hHaEJYZwqw6,STEPNq2UGeGSzCyGVr2nMQAzf8xuejwqebd84wcksCK,254,NonFungible,Sneaker #855858881,,https://api.stepn.com/run/nftjson/103/87874103489
DWe11oXuC4BCwpmghL75iMEsm3Aq191C5YugK6Hu3sLD,6dWZ1tvNYak2E3fBovJiJYT5cDg9NMiomsXNBXEMmgti,STEPNq2UGeGSzCyGVr2nMQAzf8xuejwqebd84wcksCK,255,NonFungible,Sneaker #926969817,,https://api.stepn.io/run/nftjson/103/169071337407
FqqZGsSF63K9RR6VBgUmKbjqPsv6u1GhWk8u5hBCYVuw,DivUMCX5EWC7WdKYubEpp3sLXcTdk3uc61kxwAFSfo5h,STEPNq2UGeGSzCyGVr2nMQAzf8xuejwqebd84wcksCK,252,NonFungible,Sneaker #563047286,,https://api.stepn.com/run/nftjson/103/99355933727
aXsHcnWU6KsGSGAeZqJ2LSuFZjHSAWV8LkG2hTLPeeu,3hikgqE4YdtNU5K1JTqxLF881x83KxabpepD8TMYPNW7,STEPNq2UGeGSzCyGVr2nMQAzf8xuejwqebd84wcksCK,255,NonFungible,Sneaker #506913783,,https://api.stepn.com/run/nftjson/103/128436200871
9KDC5Q6uCGMqxZ7rFKsg4Sz8hNUJkLGmsy5YuioRbFWQ,7rrxGbqk15QaEHu74Bqkkc1xtWsEPwP4vMs2CvGZJTex,STEPNq2UGeGSzCyGVr2nMQAzf8xuejwqebd84wcksCK,255,NonFungible,Sneaker #226023681,,https://api.stepn.com/run/nftjson/103/169032161323
9aFPsPdwn49eMthcN8A3HFJ6eSrn6vveKaq6qzLbjxeB,AQ5BTiNTXAZy6s7y5gsrgFzqaneEzqXCSB5NDvvgtkWV,STEPNq2UGeGSzCyGVr2nMQAzf8xuejwqebd84wcksCK,254,NonFungible,Sneaker #263900402,,https://api.stepn.com/run/nftjson/103/20424824253
8BWQfgqve4FAds3nQESzoLkSfNdw6bPCAorprUMj5jGP,BJQZhbWqLMuePAvs33WSqayNycm3c2h4F2DAP6cj9TgR,STEPNq2UGeGSzCyGVr2nMQAzf8xuejwqebd84wcksCK,254,NonFungible,Sneaker #385858645,,https://api.stepn.com/run/nftjson/103/151005251379
BmcpqbSeFg9kkS8udYZoXXjJefp9nnE1hdwbGfqUidAE,7j24gvhUTjDhWGyFi73h7tgLcq88dLNwASHFDhM67oxg,STEPNq2UGeGSzCyGVr2nMQAzf8xuejwqebd84wcksCK,254,NonFungible,Sneaker #178099309,,https://api.stepn.com/run/nftjson/103/120877788445
3zBk7dHP66f5yBhNpFSct4N3naa81sB6tmw49j7HRfMe,GRVLavdvTHKKxCfFKRn9TCjpfV629GWoDnayVVq6XKNZ,STEPNq2UGeGSzCyGVr2nMQAzf8xuejwqebd84wcksCK,254,NonFungible,Sneaker #371097392,,https://api.stepn.io/run/nftjson/103/367101137
52ce8MHp7JpzskqW688FJAEa4GqNU3Hjqgs3XxMukPhE,B3LdmLq6DTb8gW16Y5x4TY2wJmAgDoTudiSrbhZReSww,STEPNq2UGeGSzCyGVr2nMQAzf8xuejwqebd84wcksCK,255,NonFungible,Sneaker #819327816,,https://api.stepn.com/run/nftjson/103/93772692935
E3hnSzg4V7N7z8fRNWVbUSxogpU9tt8LHuE6QYqRuK3j,ENs8AyaHYFqioHY8K5Qw1g7dFknFJ3mF5wnUAtb4QEp,STEPNq2UGeGSzCyGVr2nMQAzf8xuejwqebd84wcksCK,255,NonFungible,Sneaker #510413780,,https://api.stepn.com/run/nftjson/103/180190076083
5SKJsxJM8h6MZTwxUersBpzgEJDftAx1t3DMWpbdZXwt,C9RKnEaUCRfMdxJPeCAjMKrFkAESMjNSCuf4RsnvP54R,STEPNq2UGeGSzCyGVr2nMQAzf8xuejwqebd84wcksCK,255,NonFungible,Sneaker #120690543,,https://api.stepn.com/run/nftjson/103/124073512731
5DUpj7iWqCS4C1X7EmALH6mLd2uHHQceBASPPyqyv6rw,8kHnNzonNSLjhSPXanb2C4KucsjuJT1aXisvyWdtjWYn,STEPNq2UGeGSzCyGVr2nMQAzf8xuejwqebd84wcksCK,255,NonFungible,Sneaker #101974211,,https://api.stepn.io/run/nftjson/103/99008957831
CS2DronGPjddNPEs1SgmPfJqJZpfzHbqdkDRdWWL4rfR,5BfG4SYPE6VnTCqE5AhrYnww6smL82yXYp5BTHdwqnMt,STEPNq2UGeGSzCyGVr2nMQAzf8xuejwqebd84wcksCK,255,NonFungible,Sneaker #160003575,,https://api.stepn.com/run/nftjson/103/148073487063
CPS97S6aPouAJfFHUA1DZHjNfPJghwSMMvpBNtqnxkYe,FMec5J51aHhnQ6a4xwf7dUsD31SAqbiuYevTSbejcz9j,STEPNq2UGeGSzCyGVr2nMQAzf8xuejwqebd84wcksCK,255,NonFungible,STEPN Shoebox #249106538,,https://api.stepn.com/run/nftjson/103/91229317940
Gz8HupNvpcaUcToUH8FaGJgYvN2yo4P15oBZtcioetrh,C9zW1DaRYvfo3vkTbaVeZap6kbo9ByXM4y9wV5wGkQP2,STEPNq2UGeGSzCyGVr2nMQAzf8xuejwqebd84wcksCK,255,NonFungible,Sneaker #733310342,,https://api.stepn.io/run/nftjson/103/95189216191
6KT3UmSmM5DTVnR8KwHgAmu1GE19wYuJCWoSR5EGtQoH,9Sgwv2C21tKAPiWLevSoWR2SE9xYc3BbtYHXXPYw1o66,STEPNq2UGeGSzCyGVr2nMQAzf8xuejwqebd84wcksCK,254,NonFungible,Sneaker #106148131,,https://api.stepn.com/run/nftjson/103/198365367215
BvZ42suFcPBWY3U2ZQBR5KeDDwhpvEKnC5Ub8CNEzY7s,BHD8TbBjJcExnTHxj59FJqib7zi3VujgmV82vZPtxUmp,STEPNq2UGeGSzCyGVr2nMQAzf8xuejwqebd84wcksCK,253,NonFungible,Sneaker #475190037,,https://api.stepn.com/run/nftjson/103/184848911189
ERdu8ypsFFnqtFPFYRayHexmUtEb8MjD84KquPhApkv,F11NfHJG5zVVdw9PPf7FTYLgUYypAwq7YysvQtBdxXqk,STEPNq2UGeGSzCyGVr2nMQAzf8xuejwqebd84wcksCK,254,NonFungible,Sneaker #338315718,,https://api.stepn.com/run/nftjson/103/178359243515
JCTNc32igG9ke194cbKDCmroAs6zgtMGZKXhLjHYUPX9,F2e12256f32yd5szaTBmQ7PiG44HbBLwa3nnexBQwtfY,STEPNq2UGeGSzCyGVr2nMQAzf8xuejwqebd84wcksCK,255,NonFungible,Sneaker #994984220,,https://api.stepn.io/run/nftjson/103/100754205425
E2xFLoyjrjV8ZTy8xTueUDn9EVvJcRjTzv4i42W62oVU,5FQG3G81MrpuNM4yXQpSAqVphiWPvNynjZxaPDMv1Uyk,STEPNq2UGeGSzCyGVr2nMQAzf8xuejwqebd84wcksCK,255,NonFungible,Sneaker #714086337,,https://api.stepn.com/run/nftjson/103/90614184319
CwmsVuL1EohjLn3Sj1MGMvjDJv5xMFmcB55tyiF9jcFs,9sWFMnvWCqHfSeM4Mrf8uVpu8hHjBJorknKx1ssk1M3,STEPNq2UGeGSzCyGVr2nMQAzf8xuejwqebd84wcksCK,254,NonFungible,Sneaker #551626689,,https://api.stepn.com/run/nftjson/103/158470637303
8BqUXr4ed7gP2MrP2g2Qm5zdAwHwyPvJQukzzisSrmr5,CBbiYNajiwSMTWizBBLdrW4485Ps5VdXAUs6qh81Exi9,STEPNq2UGeGSzCyGVr2nMQAzf8xuejwqebd84wcksCK,255,NonFungible,Sneaker #577589447,,https://api.stepn.io/run/nftjson/103/79401672273
3oDnc9D3EtHoJxz5vd79ijeLJEiJAmV9x9THJD81ebGm,B5sCAZ3gnYJaALXZYYEEvUKJ5Y8YX5eEExSi6AaVivz5,STEPNq2UGeGSzCyGVr2nMQAzf8xuejwqebd84wcksCK,253,NonFungible,Sneaker #168674013,,https://api.stepn.com/run/nftjson/103/165326517377
Dvh28h4LidoUF1785VG9v7t8ww2J1o4T4i8ccfYBx4Kj,Gb1vLwu2eRnE8FVJaKHuYsDD5VXxkMYMKJAfSWWT6Hci,STEPNq2UGeGSzCyGVr2nMQAzf8xuejwqebd84wcksCK,254,NonFungible,Sneaker #399712325,,https://api.stepn.com/run/nftjson/103/112695918377
4WxU45dyjBZghcE1NF6kWM3snceFdDK78MXytMWq9stg,HhNdg6mUtx7gpEZgn8JFpob4mznZBiD81HF1WCmec1Q7,STEPNq2UGeGSzCyGVr2nMQAzf8xuejwqebd84wcksCK,255,NonFungible,Sneaker #170332227,,https://api.stepn.io/run/nftjson/103/145794998083
Bsc6VwFCD7WD13S86XzgRMPd2tEnthmKrsyk1ZWMHBpT,BnyDbLUYFjECUEin737ZnS1iySGZPycuVkNhvSGqd4om,STEPNq2UGeGSzCyGVr2nMQAzf8xuejwqebd84wcksCK,255,NonFungible,Sneaker #923067862,,https://api.stepn.io/run/nftjson/103/27522708053
6ZdjPZ2ADWU8uXHBTi5oo7qwNLGrUouT8qzUqjNX9sRo,GjjKnk3WRrMz1fiAfS54P2EDWq1WcSMj4dA1SEsAX6Du,STEPNq2UGeGSzCyGVr2nMQAzf8xuejwqebd84wcksCK,249,NonFungible,Sneaker #387104359,,https://api.stepn.com/run/nftjson/103/110375193485
9WYBRvuHiruydhMMAhoG7yeMo7nKU4iCjS2dgRVsuczE,3gQYoP2kdbD348PGcLEyp4c22UQwhArsTfHzF1eV6fqr,STEPNq2UGeGSzCyGVr2nMQAzf8xuejwqebd84wcksCK,254,NonFungible,Sneaker #622888131,,https://api.stepn.com/run/nftjson/103/56779775075
EqCLd5br4jVVpBzMucthK6vXg7eT7YP7CiEp3hsQ9HXn,13xwXBv5hV8P8SJ82UYoNrzBHmRTmfRi3s5UfHDGwVfB,STEPNq2UGeGSzCyGVr2nMQAzf8xuejwqebd84wcksCK,255,NonFungible,Sneaker #830933990,,https://api.stepn.com/run/nftjson/103/110471984679
1nDwbFrNC3gB1paJd9e9x5AYJP1eCKoc8DdY9ZwNwWw,2RA5MjzUSzsQRsm1TShiurvV16hfcPiSYedvjcBT9Ehd,STEPNq2UGeGSzCyGVr2nMQAzf8xuejwqebd84wcksCK,254,NonFungible,Sneaker #714525123,,https://api.stepn.com/run/nftjson/103/130479377171
5PFULLMP15mR2AL3eawCVASp2CYhBaqVKQmnhEXmNJsg,BNpu49azArFfJbffWdC3n7gk4vKrZfsuYZtDQf9k6ATb,STEPNq2UGeGSzCyGVr2nMQAzf8xuejwqebd84wcksCK,255,NonFungible,STEPN Shoebox #553407868,,https://api.stepn.io/run/nftjson/103/199186179766
DbFahCiRbDNV82UDX9vZHEv1Ln5bbG3E7SyEmWEipuCP,DeEmZhmAkEgdDQ2VAt1voNaUQsxrpw2stn2ShTDvY61L,STEPNq2UGeGSzCyGVr2nMQAzf8xuejwqebd84wcksCK,255,NonFungible,Sneaker #865159455,,https://api.stepn.com/run/nftjson/103/81152317483
WheRrGbLKk5G8tgs4J1tLiQCeqe6cT8KDJs6m9BgyoF,AGt9vF9VTPtn2VPsQrfi7QhAR5bX2NePdjoMLSqmtS7N,STEPNq2UGeGSzCyGVr2nMQAzf8xuejwqebd84wcksCK,254,NonFungible,Sneaker #551131817,,https://api.stepn.com/run/nftjson/103/150705576845
7zPSBrdTPycRAczMjY3xPX4srSHJw6rtvBX4YhYZBP4z,CiZi4TszhkteXAnYDcZHQwBDtPKyXg1yNvevee4JekKE,STEPNq2UGeGSzCyGVr2nMQAzf8xuejwqebd84wcksCK,255,NonFungible,Sneaker #600116828,,https://api.stepn.io/run/nftjson/103/101354889607
HQkZjd1vTAGXbKgToyTAfA31sCxRrhytmZKN98mMfKbZ,HpDGBQSLRjbRK7AidfsTMT1dWFzJHLsTSRuG1FHyBZUb,STEPNq2UGeGSzCyGVr2nMQAzf8xuejwqebd84wcksCK,255,NonFungible,Sneaker #301241604,,https://api.stepn.com/run/nftjson/103/311248897
8tJXsHQvXvCyQrzYh2uRJTuVJWQ4hDmYXBY4jzvdLe1j,C4qceMujbGtG71jNqUDjJFXX6xJdFNfmDxzySdUdouE9,STEPNq2UGeGSzCyGVr2nMQAzf8xuejwqebd84wcksCK,255,NonFungible,Sneaker #411541406,,https://api.stepn.com/run/nftjson/103/146261894523
5FoAMP35zVgewrWUByi3T1DTHU1EhH5rjd4hVk38N5rH,A1gdi4uvMrM5v5ksmbcK8YPxsSUp7ZxWz8EDyDCS8EyL,STEPNq2UGeGSzCyGVr2nMQAzf8xuejwqebd84wcksCK,255,NonFungible,Sneaker #752965352,,https://api.stepn.io/run/nftjson/103/24239367521
D3kFonxaHJrQSpbRUMKDKpSPWzjw1GUeG7BNoJAoemiS,HEsDyvQz8xhv69W85x8TtaYDMpDJDZ11gwHnvowpEjFv,STEPNq2UGeGSzCyGVr2nMQAzf8xuejwqebd84wcksCK,255,NonFungible,Sneaker #945407909,,https://api.stepn.io/run/nftjson/103/55613796167
38DdDrvyQrooiitm2YNEp5kN2uUSAekbwjRRR7RE3z3S,GdyX4y9D6RthfAQnru6f6U4Z46hvJ7h1m4PaHuheYDA,STEPNq2UGeGSzCyGVr2nMQAzf8xuejwqebd84wcksCK,255,NonFungible,Sneaker #335530990,,https://api.stepn.com/run/nftjson/103/151241070181
AitvGQss2gvXqTEsBcYMsPTHUBaAXAXUCsgLTAqDonzY,ASRVJqpbfZjfrC5bhKb658EKSTKBj1y8ZN3sF9B1TGUK,STEPNq2UGeGSzCyGVr2nMQAzf8xuejwqebd84wcksCK,254,NonFungible,Sneaker #209420093,,https://api.stepn.com/run/nftjson/103/197581994215
2TrgyNQKiDZX8DqVDJ72XKL5jSymoxcXX183mUzWwixD,5QP6hb4Y1q6jEhjWdLDmYndT9Sb6wkoK9aVuku86L1Cq,STEPNq2UGeGSzCyGVr2nMQAzf8xuejwqebd84wcksCK,254,NonFungible,Sneaker #917795722,,https://api.stepn.io/run/nftjson/103/144762979777
5hNFbtMunXDGQsQphvyJTwg15QZyzduaJoFpTtc3KW2W,DWAxckXvDzBr8HJJFSfh2W7ZPCSf3GrMGJaDQMbjnJZ8,STEPNq2UGeGSzCyGVr2nMQAzf8xuejwqebd84wcksCK,253,NonFungible,Sneaker #757580819,,https://api.stepn.com/run/nftjson/103/188891454315
2PLujxZcBXfUwXoymvCgjTFSPYsKFWHe9L9vXaSmQU1B,7wX14YYMoNKVSHLJj768Gfyr5fmtQ1QyeYoGbPjj1STB,STEPNq2UGeGSzCyGVr2nMQAzf8xuejwqebd84wcksCK,255,NonFungible,Sneaker #405424004,,https://api.stepn.com/run/nftjson/103/43522818489
E7k9X6BjbKDZrt8m8abFLGaWAc1ZvxTMTVbwYE98mc7r,6ShMN3xA6iiJrtbUJYsgZG979LC7SWpfosyLmiySkNXN,GH4QhJznKEHHv44AqEH5SUohkUauWyAFtu5u8zUWUKL4,251,,STEPN Shoebox #3996,,https://api.stepn.io/run/nftjson/103/246373312
9KP8aMGM7UzM1Bmzbs7VKcVCXm4hBQ5TbEfLz2Wd8RKE,DfmjAPPwyYA9u7BbcCeHvVaT2TPFxBh8G97D6en8GvTe,STEPNq2UGeGSzCyGVr2nMQAzf8xuejwqebd84wcksCK,255,NonFungible,Sneaker #897293944,,https://api.stepn.com/run/nftjson/103/190880259277
C2x6Mx1jgVxQbyVcXf2uxCBzPodjAMU1FLTLqE6SK4cN,9KPUvqHquAScmqPQQ6j9TChyimvk3PWw88VQWEuVTLvd,STEPNq2UGeGSzCyGVr2nMQAzf8xuejwqebd84wcksCK,254,NonFungible,Sneaker #458121126,,https://api.stepn.com/run/nftjson/103/139332294757
DLMWVdNtNQV79gWQnW3Y2ppPMynutejjHj5XVyZ4oide,CNVAwfSZwwBV3F4kXsakAAJ7YkGFqDYjuQGDSXAZCfNW,STEPNq2UGeGSzCyGVr2nMQAzf8xuejwqebd84wcksCK,255,NonFungible,Sneaker #849554396,,https://api.stepn.com/run/nftjson/103/71865761557
DeM3rQNJESou9eKFVYQtV56szKA8TBTxVtTukPtbAZ2e,CuVNouktRS6j1iPRwqBtqymR8ur8dpoZA5Xo11tsdbRr,STEPNq2UGeGSzCyGVr2nMQAzf8xuejwqebd84wcksCK,255,NonFungible,Sneaker #351480320,,https://api.stepn.com/run/nftjson/103/351479137
C49sHKSsCDBivXNm2c5LuHrm5b77G8eYE6AJHb84FGNX,DepKqTvctcEe52Q5Tzpgrz3KHBw6VW2QykLyi6KQT6eH,STEPNq2UGeGSzCyGVr2nMQAzf8xuejwqebd84wcksCK,253,,STEPN Shoebox #203594384,,https://api.stepn.io/run/nftjson/103/203594384
FWVgzNteQiVfBMdrKGcft4LQCS78Z39DTchFkuesqQZs,4UnFqYAiJFQn3PtwSQWfqPJyQKvQHPG4jBbQFGBCHzpE,STEPNq2UGeGSzCyGVr2nMQAzf8xuejwqebd84wcksCK,255,NonFungible,Sneaker #119759144,,https://api.stepn.io/run/nftjson/103/188024278081
71F9eUbW2omP5YJRZMQbuF7SgauU5V4SMsffrLJPPuqx,Fn1ViEf86ruZNTp8kRHJ1s8N3mzYdS6k8mWbB3Fgxi9d,STEPNq2UGeGSzCyGVr2nMQAzf8xuejwqebd84wcksCK,252,NonFungible,Sneaker #745694397,,https://api.stepn.com/run/nftjson/103/161010989203
CmmCEMByqZMyXHCzfjXv8uf7qi3tp5hhFEw5DZUCVy3H,c4x7okhBz7vZWYHBZN3HxdkvqdUk5miK3j6Lk6tqDiB,STEPNq2UGeGSzCyGVr2nMQAzf8xuejwqebd84wcksCK,255,NonFungible,Sneaker #439553794,,https://api.stepn.com/run/nftjson/103/56649492413
AtUg78zps1ZLc963QSuSEa5Zoy6SrvxF2mQoRvWX3xTN,CibesWiopv5NDnYjT84SL8yyXx47y2GsFD4DDvDJuwpS,STEPNq2UGeGSzCyGVr2nMQAzf8xuejwqebd84wcksCK,255,NonFungible,Sneaker #895199956,,https://api.stepn.com/run/nftjson/103/148172792569
2S9tAhLU6Jq9oXayfuM4oU2a1MKT4rnkqvKNwCAMUr2p,CqCRXMbDBCCRa72oWw9YyL4Qu1gJa5QbB5HCzwhiAG2G,STEPNq2UGeGSzCyGVr2nMQAzf8xuejwqebd84wcksCK,255,NonFungible,Sneaker #190827479,,https://api.stepn.com/run/nftjson/103/76902890857
5t5CeVsBDy7hKWRS1buUgdTSbBkBpJjE55zpDPkdzBj2,7RAc2cfhoThHTXsk1uPPqqSK2Fx4fGSuYpRD9v2svPWc,STEPNq2UGeGSzCyGVr2nMQAzf8xuejwqebd84wcksCK,255,NonFungible,Sneaker #849404894,,https://api.stepn.com/run/nftjson/103/140730379349
Gai7RYAmcfLnLp474NHySGV45Bb9Bzq2MSvrk2kjHW7B,EJVtV6Ntm1wrQt1gHjjyxvRwf45xPwWMMkh7ewBDhrZX,STEPNq2UGeGSzCyGVr2nMQAzf8xuejwqebd84wcksCK,254,NonFungible,Sneaker #507852712,,https://api.stepn.com/run/nftjson/103/131189540817
56AosRWQaw6nzzUEAeFNn4Q7ssCTynw1HWCY6KZhmT7Y,2n5rJjXLWkgMVajg9UzYa4X5wQtbnLzoFjeJWtKPfEBY,STEPNq2UGeGSzCyGVr2nMQAzf8xuejwqebd84wcksCK,255,NonFungible,Sneaker #345642006,,https://api.stepn.com/run/nftjson/103/182883788973
7bsrevGNueW1yhmSCaKvtqSwzo2yxTv22zcz8R37D3Hf,GDzqvXZDeFD4oocBV8wDb2rwR7gWMtLrfYa2T1MHvhwz,STEPNq2UGeGSzCyGVr2nMQAzf8xuejwqebd84wcksCK,255,NonFungible,Sneaker #465938928,,https://api.stepn.io/run/nftjson/103/421677761
71c4gePjM7GUf2sYdjKCEhX2Vcz3s9XjP7wfHpzUjFWx,D7sBWAupZ7K3BXBShX7j3cxxAdBGBNDJb3L1rRjtWp9P,STEPNq2UGeGSzCyGVr2nMQAzf8xuejwqebd84wcksCK,254,NonFungible,Sneaker #878390278,,https://api.stepn.com/run/nftjson/103/194771269917
EwPEpGhnhqZojK67NbqJCsdLwhzwYjoCtipY6BApHMtH,FNVwUepUexm3VRFhH6qZtrvrmUDUxzbiSfHidR9RtXSj,STEPNq2UGeGSzCyGVr2nMQAzf8xuejwqebd84wcksCK,255,,Sneaker #1003,,https://api.stepn.io/run/nftjson/103/328389793
5h5RXnmNMY52Eo969mZj2NAtLrD2v2Ft3tw6v1WDNvmf,2KSKLqdKuceANQhUEu7PFxSeNy6WbUnaZr9G9SS7Wk5K,STEPNq2UGeGSzCyGVr2nMQAzf8xuejwqebd84wcksCK,253,NonFungible,Sneaker #299843179,,https://api.stepn.com/run/nftjson/103/113469845825
2kVqSVmDdLDTVqimNE3Wbg6K3KmUwgYGmgcMvC9p1Qf9,73wpZtMdPvTUL4r41G8AztbgoY2zoZjt9bypJK9BBP3V,STEPNq2UGeGSzCyGVr2nMQAzf8xuejwqebd84wcksCK,250,NonFungible,Sneaker #436436497,,https://api.stepn.com/run/nftjson/103/121721907423
CSnQbWSA1mMBz5gBP59rM3bpVEfnrBJRmnUZSh4Mp3DQ,GXHjnAEeWydSoxEQDR6pdjmgLynWbQmSiKvkkuVkpa4V,STEPNq2UGeGSzCyGVr2nMQAzf8xuejwqebd84wcksCK,254,NonFungible,Sneaker #535186910,,https://api.stepn.io/run/nftjson/103/70031797067
HdiNJzZqci43rFeosBP4WrxFu5XBrrN6ew7xW5zEeDGk,D6YcdjDCWY91r8wHxSqfPxcXDTpzCrRJF2f3yqZyikVM,STEPNq2UGeGSzCyGVr2nMQAzf8xuejwqebd84wcksCK,255,NonFungible,Sneaker #340384576,,https://api.stepn.io/run/nftjson/103/340383313
FK41vh7ozgx7qDrHJGBhafVzGSjJryvbySi9DQ1FxjJ6,US2kqikibrVPFvxDABp1V31FKhNNgi6HwZrJUhtt8Zb,STEPNq2UGeGSzCyGVr2nMQAzf8xuejwqebd84wcksCK,255,NonFungible,Sneaker #796796168,,https://api.stepn.com/run/nftjson/103/194857077677
Hs9oFsuVqCtMxUopPj9tcwtumaYD1nfUiwHzGwY9jKLv,41z2pk9NbigGqrLzQFxF1aC1wVi2TxNkW5YzGjotsgwX,STEPNq2UGeGSzCyGVr2nMQAzf8xuejwqebd84wcksCK,253,NonFungible,Sneaker #5698,,https://api.stepn.io/run/nftjson/103/274775489
FhsrBgYFAH1GPHS3UceZdYZt6Nr8PSBR5m87GLupfoot,E5n2KYQkcmaZm5nJ1Rb8ziVHCyRNz7joFgnbSHmQySKz,STEPNq2UGeGSzCyGVr2nMQAzf8xuejwqebd84wcksCK,255,NonFungible,Sneaker #285304281,,https://api.stepn.com/run/nftjson/103/83059351537
Fp2rHi5hu6HBYoebYnEF9PrkdMuXB99BkhTP6vZFJMqo,72HpsTNuEFeuDmV47mwJ2n1Tkg3rnUSXuoseFuUDhYhb,STEPNq2UGeGSzCyGVr2nMQAzf8xuejwqebd84wcksCK,254,NonFungible,Sneaker #815553344,,https://api.stepn.io/run/nftjson/103/180889365717
CKuHAksHD2Eo6NEwfhR6pMBkDb8WJ3TkSEmXFJCehn2q,8hL1ELnBwFm6Hs2dycZDHfV6nrqUS71MA9hTKTnpGyDv,STEPNq2UGeGSzCyGVr2nMQAzf8xuejwqebd84wcksCK,252,NonFungible,Sneaker #922660382,,https://api.stepn.com/run/nftjson/103/45928937033
Ht1jBxpVaLdTEdkHmGfgSsGEGtnzD3e4TX4jZ26FgrCN,EbrqgGaeoFK3isuj5yg93znSvvFbKguHm97p6vCqsPWA,STEPNq2UGeGSzCyGVr2nMQAzf8xuejwqebd84wcksCK,255,NonFungible,Sneaker #443861723,,https://api.stepn.com/run/nftjson/103/181791893939
5hvo4978CDHigoC4jJRBzUDUtmSMmNqVc4mnVf1Zg5BY,EfkFfd4Hzj7mgwztiL3rSzEwjvxxXbLrxiLcCE8vmVYH,STEPNq2UGeGSzCyGVr2nMQAzf8xuejwqebd84wcksCK,255,NonFungible,Sneaker #858765068,,https://api.stepn.com/run/nftjson/103/195498826263
ELBB2swgERfqSxPf5ecn6cQaCuuNxebnw12bSvME5AQq,AY2uHTe6RwnxqHTfnx4WSfJ7kg91JQ9LfrC7mgxuxh8x,STEPNq2UGeGSzCyGVr2nMQAzf8xuejwqebd84wcksCK,255,NonFungible,Sneaker #892798430,,https://api.stepn.com/run/nftjson/103/72738067413
22zxgdqrQ31Y6HorMfxnSYmmzZZDLzeoVz8v97m2cq3M,DpMwjHVCqyyBFgBMJga25i7k9B47vn2i5o1R5VfWTR7v,STEPNq2UGeGSzCyGVr2nMQAzf8xuejwqebd84wcksCK,250,NonFungible,Sneaker #698207054,,https://api.stepn.com/run/nftjson/103/22634935961
3eoaW8QXMqWawoQnkjh3QpLPRFSWByvDuRiA27xHqm1G,AcytGWQd8qd3n8ALvcQp1T23CpMAqVXwcwHZaz5ivQj5,STEPNq2UGeGSzCyGVr2nMQAzf8xuejwqebd84wcksCK,255,NonFungible,STEPN Shoebox #564891328,,https://api.stepn.io/run/nftjson/103/151622535180
FayxrZCfFXdrmBAuoLb1UZ9txe6U45oYL7Syx2W4k9P9,B4U7rYp6naUdxBeV1DBQ2Yx9m3CBsPhzxbnhmWWEFZUt,STEPNq2UGeGSzCyGVr2nMQAzf8xuejwqebd84wcksCK,253,NonFungible,Sneaker #590690277,,https://api.stepn.com/run/nftjson/103/116355048269
6jsFVxGhR4R2pj7aQx5UkxnrSzroNwL87aVJZRjmVLtr,2FqNwGcMzk7ZNYFcisy1UFBvSTsTbpyHueASpREypiGa,STEPNq2UGeGSzCyGVr2nMQAzf8xuejwqebd84wcksCK,254,NonFungible,Sneaker #312947021,,https://api.stepn.com/run/nftjson/103/129200828881
BauHqcvhHaYvgwysEzyVHZTL2RuRFXpXQqxZHw9RG8Yk,U8LdbQopiYztLhPyn4KZKjPtn997dG22NBxFcojGaqC,STEPNq2UGeGSzCyGVr2nMQAzf8xuejwqebd84wcksCK,253,NonFungible,Sneaker #395436706,,https://api.stepn.com/run/nftjson/103/41299543853
9VZLYDpzDJfi53KZdH8mC6aePBa1pSbqReG11R4F878D,8BLdQ5iH4ffebKKxKWZ9eVo4M5azhipPq3pDacKaTPLa,GH4QhJznKEHHv44AqEH5SUohkUauWyAFtu5u8zUWUKL4,255,,STEPN Shoebox #3505,,https://api.stepn.io/run/nftjson/103/246908528
7YWCdbtQ2wbsWk7UMxXH8aFfeQ4khFFFeeFA6LvRJFpW,9UuWvdh9uHiEmmYQG5hqDDJKnEzjsnpPsEyWZpb7f8uz,STEPNq2UGeGSzCyGVr2nMQAzf8xuejwqebd84wcksCK,254,NonFungible,Sneaker #824250068,,https://api.stepn.com/run/nftjson/103/34223236815
BKfdth1L2iDHZmcPUULPcmKipqERZTnbvm2o2eVcuVpf,8dV2cyfPWaeJ3KAdv6g34AmwsavWqZKbu7SLSJfcZZeW,STEPNq2UGeGSzCyGVr2nMQAzf8xuejwqebd84wcksCK,255,NonFungible,Sneaker #394361904,,https://api.stepn.io/run/nftjson/103/401878321
3RvfMWgFVaXs8iQDWk9rexGGdnVwWJYQFi5PfLt6Qp3q,7JjPfzmz4ei1c7vHGKz6Qf9AgUu3kDjJ3NBPkQ5RHmRN,STEPNq2UGeGSzCyGVr2nMQAzf8xuejwqebd84wcksCK,254,NonFungible,Sneaker #998378502,,https://api.stepn.com/run/nftjson/103/136261458127
EpQcG6Ahhyjq2kXDtmxoBX12iQNGTug2akfkHU1PynHU,FaeeqKtYRpFkQNF31khUVQw7N5AXvRBsUDY4mMN36jo,STEPNq2UGeGSzCyGVr2nMQAzf8xuejwqebd84wcksCK,254,NonFungible,Sneaker #624200222,,https://api.stepn.com/run/nftjson/103/149141704621
6pEUiw5WTtLBpAXmLPwXpXm6yjvCKu3eS1gDRHdFDiuZ,84W8qxpchkfaX28j74jEHeHootQ7Edk2Ahfi6YRUxKVr,STEPNq2UGeGSzCyGVr2nMQAzf8xuejwqebd84wcksCK,248,NonFungible,Sneaker #358030328,,https://api.stepn.com/run/nftjson/103/26602498023
4yosLN4zeSab9ZX1uRZBfVzetcxZfn1xjLamrukw2ts7,EnhetDoRuH54KdDmbiabVVDcQ1xec53KZnUkAWCZQaE,STEPNq2UGeGSzCyGVr2nMQAzf8xuejwqebd84wcksCK,255,NonFungible,Sneaker #189114183,,https://api.stepn.com/run/nftjson/103/74184573895
4LmEGrC6vPNZtFHaSeXM1wv2VyVuSeXRZA6UDUJWhFz9,9ethtpJsGigLg2hqYzcoh16CbDPkLWEcjUY4UPCHEgse,STEPNq2UGeGSzCyGVr2nMQAzf8xuejwqebd84wcksCK,254,NonFungible,Sneaker #840696875,,https://api.stepn.com/run/nftjson/103/179910349009
7YsFWcNhpGRE85AzWp89TEnhiZrRAKZbNurE2ado1seU,BT2jfxXvcQqpvmeGZmMqs1CNPqUuttvcDrkhQ91ziRku,STEPNq2UGeGSzCyGVr2nMQAzf8xuejwqebd84wcksCK,254,NonFungible,Sneaker #262870567,,https://api.stepn.com/run/nftjson/103/74355649763
Ey2WVHSRESnCczP552sVRtvSPVPcr3MfEikTz1kSoYLk,9dJnvrvjCoQKKV1MczumgfyZgvHPMKkkqBCbcC4j5drg,STEPNq2UGeGSzCyGVr2nMQAzf8xuejwqebd84wcksCK,255,NonFungible,Sneaker #250264107,,https://api.stepn.com/run/nftjson/103/68759390601
G2o83zx8TaVogsmz6qHzgfRe9vwbRVq3SDbA4Punn5Z6,FkqCG4i9qPTmAG8tmKKFqMxLLr87xjp7kJnriGs34UZa,STEPNq2UGeGSzCyGVr2nMQAzf8xuejwqebd84wcksCK,255,NonFungible,Sneaker #472658016,,https://api.stepn.com/run/nftjson/103/142230849845
4YPqpYotTjhewR6pvFnYexe45dEAM9grffLRtWSFPTqA,3kz1apXbnp4r34TYr3vJkgxE9WTEgKostsE75p7mGL49,STEPNq2UGeGSzCyGVr2nMQAzf8xuejwqebd84wcksCK,253,NonFungible,Sneaker #476499116,,https://api.stepn.com/run/nftjson/103/148642060921
DEErgNYqGX5ntJZiz1uJGksuZVfxhB73QfxKtdDQvn2w,4yA2aw4FQAL4yXrFhEoTezzJ4UZTbJX5Q1z1yg17NDUD,STEPNq2UGeGSzCyGVr2nMQAzf8xuejwqebd84wcksCK,255,NonFungible,Sneaker #723324801,,https://api.stepn.io/run/nftjson/103/115545345749
8Qvfpp79qiRU5DNYQoMKs3W12Yuo3UhMM5oZ3t7ripeJ,AN2YGqibGMu8NFuRjp6VZ8GDAmqDymfeDbwS41AEjSJQ,STEPNq2UGeGSzCyGVr2nMQAzf8xuejwqebd84wcksCK,254,NonFungible,Sneaker #839702111,,https://api.stepn.com/run/nftjson/103/174565082971
BKfeHD3GX1cv7VrDV9SpafMXwSB5VuEpfHyuje4NbTcf,GpvANHZsTLp2xC2N6r7emjpix1MMeNc2BRMuXnYa2sV6,STEPNq2UGeGSzCyGVr2nMQAzf8xuejwqebd84wcksCK,255,NonFungible,Sneaker #416931993,,https://api.stepn.com/run/nftjson/103/109500935137
EN7wryUtNdReHxtKQgwwTcqbvQZLvExYBrTgBJig2xfb,G2xRzbyfP1sqnDPnmE5ksGMcgeugAfz2gdL1QP2Pyan8,STEPNq2UGeGSzCyGVr2nMQAzf8xuejwqebd84wcksCK,249,NonFungible,Sneaker #766623917,,https://api.stepn.com/run/nftjson/103/152957866065
8t7BU6qxa4kCLZ4Uz3ygqGoJLaTsYtcUKTo8RoAdU8HB,68KHeJAh6mrU2EUi9seNWfaxro2SWGhmeBDajjJS4tos,STEPNq2UGeGSzCyGVr2nMQAzf8xuejwqebd84wcksCK,251,NonFungible,Sneaker #134577035,,https://api.stepn.io/run/nftjson/103/41378193923
4RiMERhgZGXdoJkfBnNEFYgs8gdZiyLqDYcDMsX4dDde,255MMSzVoAVV2rtWkKqfkVZU7D9swCdEbzTjQkD2j5wf,STEPNq2UGeGSzCyGVr2nMQAzf8xuejwqebd84wcksCK,255,NonFungible,Sneaker #951021654,,https://api.stepn.com/run/nftjson/103/54979254737
HJaECEriSsUcEqDfMZHFC2h6qvXDQFyCgPis3zqqE5dW,D45f7SfpfCLLyAtDmBWErzaPiZVuZ9zuYongojEuJZWX,STEPNq2UGeGSzCyGVr2nMQAzf8xuejwqebd84wcksCK,251,NonFungible,Sneaker #304024880,,https://api.stepn.com/run/nftjson/103/83328381675
4Mab38nWTed8hUARGYVwdYNExR5wTN5aTeMvFbbNNFBA,GtFVfRkn6dscHnAgjV8uP7vonFjYCcn8RLZXEp66586z,STEPNq2UGeGSzCyGVr2nMQAzf8xuejwqebd84wcksCK,254,NonFungible,Sneaker #551406543,,https://api.stepn.com/run/nftjson/103/31604555969
Dy1qhcyzrCYaK8QNwrvn2s3VsPhZPgK5FVfdnWSNifBk,FkU3XkrYD6hVjvY5mdXuw6ToiqQJQk4xiSKEoSfQwFYQ,STEPNq2UGeGSzCyGVr2nMQAzf8xuejwqebd84wcksCK,254,NonFungible,Sneaker #842721725,,https://api.stepn.com/run/nftjson/103/198202757767
EAndCSUh4WFr29XDxsX7eS6AwTqrHUTC5SdvqqGdt3Zr,FxqSvmUg9Buwp6GRUaRaULQCBDdE24Zbv5jMEgxe6CmM,STEPNq2UGeGSzCyGVr2nMQAzf8xuejwqebd84wcksCK,246,NonFungible,Sneaker #754400408,,https://api.stepn.io/run/nftjson/103/80901795303
Fc2QCHvyAgYkFhcuEzhkPHZxiXSfXp5NhStXFtaEGr2X,Hp9TDSFN5aBojAvbm7mWrMjgov3tjafHHYfx4ZoYvwRE,STEPNq2UGeGSzCyGVr2nMQAzf8xuejwqebd84wcksCK,255,NonFungible,Sneaker #210987903,,https://api.stepn.io/run/nftjson/103/120986267845
EMC8R6WMQTpJc3ehoRC5eerSAPqKgiU9CrsQ2NLrS1fw,DfLdPBwpNhdWr2TpVZcqbir9EaxBTUgtwavGWWesmB5u,STEPNq2UGeGSzCyGVr2nMQAzf8xuejwqebd84wcksCK,254,NonFungible,Sneaker #533657434,,https://api.stepn.com/run/nftjson/103/25085427907
9mgT1mTTeveSAYL2ky7CZbbY6At7KzkSqaMx28q2bNt9,FyUXQSwzsKJxEzbZRCfZy6n4dLD2srb3NbwrNfY192hT,STEPNq2UGeGSzCyGVr2nMQAzf8xuejwqebd84wcksCK,254,NonFungible,Sneaker #965276539,,https://api.stepn.com/run/nftjson/103/159026514417
9phN1ByqmeBtkAmZsKbLGkKnL2ZAEhPpeenWVdqnEGgs,A9bgVz8ZQj3uFUzA4sapY7nN9khDmDwKmjmSat6uhjWc,STEPNq2UGeGSzCyGVr2nMQAzf8xuejwqebd84wcksCK,254,NonFungible,Sneaker #558737600,,https://api.stepn.com/run/nftjson/103/107564878025
4dfXK69Bokuq3FntR6fKFby9yEWuzxwMAxkYXFg6VJ7n,7WUvHx89eXJaJr2qWftiLdZq7tmdeUwYdgRrMVBL5NBH,STEPNq2UGeGSzCyGVr2nMQAzf8xuejwqebd84wcksCK,254,NonFungible,Sneaker #204122420,,https://api.stepn.io/run/nftjson/103/114016742517
G68rMnQtVf93TerduiCGno4wPuATVeys2N6n7cQKkihH,6WLasjt3d1246VxtjnCJoEtZ746NcyMonF9epiZFzZMF,STEPNq2UGeGSzCyGVr2nMQAzf8xuejwqebd84wcksCK,255,NonFungible,Sneaker #662134786,,https://api.stepn.com/run/nftjson/103/90263428983
CeYD9r9xQW7B4LyNx3QithejACuvk55Cy9eRygzn8S9M,B2mAzzfYz8y1Y7bnCT24N3nJ75hDNBzyKqKNVwjCE6nN,STEPNq2UGeGSzCyGVr2nMQAzf8xuejwqebd84wcksCK,255,NonFungible,Sneaker #426470496,,https://api.stepn.com/run/nftjson/103/404132545
BTZH6MbfPvTHgXUV2DfsV2uqTHwxZcKUyGjXKeWrYdUN,B8k8Tb5F8n2hhF8A9LNchrQznWGKVY6h4eEXDf4Ba4Wh,STEPNq2UGeGSzCyGVr2nMQAzf8xuejwqebd84wcksCK,255,NonFungible,Sneaker #966556320,,https://api.stepn.com/run/nftjson/103/32993435203
8sc9FGas9siT6NU2HJrxi6639qfVCiwyGdKkZxhfd2v1,CvGtjStS7UhmvUv61snSvY4nzqFyK41zSPaynR7Kyqom,STEPNq2UGeGSzCyGVr2nMQAzf8xuejwqebd84wcksCK,255,NonFungible,Sneaker #153450148,,https://api.stepn.com/run/nftjson/103/36100364867
2WRQpJsFUVBvYwXdSByrhmibVkdPmWQSE8rTEAxFYWGN,9xK9GmbCPgNAsaZncbcgvsiFrrqQYvCUdrgweCHYAUvE,STEPNq2UGeGSzCyGVr2nMQAzf8xuejwqebd84wcksCK,252,NonFungible,Sneaker #360495721,,https://api.stepn.com/run/nftjson/103/189898926949
36yh6nGZH55fSkkiH5uJ2zo6bghDnTE11W6kWpEpFCNY,Gb3pCagPZFSEygScQ6YY7kLHcFjsxAPidzZ3iSfzaThk,STEPNq2UGeGSzCyGVr2nMQAzf8xuejwqebd84wcksCK,255,NonFungible,Sneaker #662422815,,https://api.stepn.com/run/nftjson/103/125814691457
58sjGoAAmKAiMscq4WszoAP6p65BFrLUAjMkTGjDbAUq,Fqt1yZubMN9EB44XXtdhCSE71Gm3xPayFMzZ3mxKPcYf,STEPNq2UGeGSzCyGVr2nMQAzf8xuejwqebd84wcksCK,254,NonFungible,Sneaker #371323010,,https://api.stepn.com/run/nftjson/103/87125148001
7ov28tayYDMpHMQsjh4robPowRSHqnuQA9wVJ6wcxG32,4Em31wa2F6ru5QQs4smnzjm92TKjhywaqmucTknaQC9r,STEPNq2UGeGSzCyGVr2nMQAzf8xuejwqebd84wcksCK,255,NonFungible,Sneaker #703945019,,https://api.stepn.com/run/nftjson/103/190929797981
8GVDPPcDDMdDF1LC56Wi91q2tsHFrQYKhnWgov1gKh7G,2dhxRL2W3tpj1ZiLMzgnHZvEXUuzqMrGzsXMYqM61ZAz,STEPNq2UGeGSzCyGVr2nMQAzf8xuejwqebd84wcksCK,255,NonFungible,Sneaker #745727460,,https://api.stepn.io/run/nftjson/103/87377260599
7wgEVp1BcDeBNbSguqS6zeukKKGRLCJrVkdvWNhNfp1v,5uSDf9ybwp4ZiifGvrsrBpWF382eDa2ixYn3HTePJqWw,STEPNq2UGeGSzCyGVr2nMQAzf8xuejwqebd84wcksCK,253,NonFungible,Sneaker #992669584,,https://api.stepn.com/run/nftjson/103/131833419473
BM5GKF4Wvr3vBCDFnTiteXqEBVnfN7ASSjpobhB7Drov,6gjcfow7GG1uZzoExQebfu5dYYwjz1ikwyZcW3ztUeyi,STEPNq2UGeGSzCyGVr2nMQAzf8xuejwqebd84wcksCK,255,NonFungible,Sneaker #706819900,,https://api.stepn.io/run/nftjson/103/155469240115
8qnif8MT7XDkszsnkuNp9UHgjwF4SXwxASMfxsxACNfW,37QDRQScNEWykCBA85KTspfmeXAoAH3txoN2LgCysa1f,STEPNq2UGeGSzCyGVr2nMQAzf8xuejwqebd84wcksCK,255,NonFungible,Sneaker #854084479,,https://api.stepn.io/run/nftjson/103/94713465927
8EmYuR2AetZCH82bgQwXfM9W44ABS7cX1W6cLavW8jW9,7QVJ6TE2XVenATV4AuqHG7MyKFRrF145Dn4TgkmAfEJs,STEPNq2UGeGSzCyGVr2nMQAzf8xuejwqebd84wcksCK,255,NonFungible,Sneaker #537963104,,https://api.stepn.com/run/nftjson/103/120188929861
49feAswium6qGcV1AJnZmrj6M2htQ1mv9siXx7bfhtqb,EUBbAd4H3Spd9aEFGwHAQuzHatjrDi1Pk8deNkVNJniw,STEPNq2UGeGSzCyGVr2nMQAzf8xuejwqebd84wcksCK,254,NonFungible,Sneaker #104902166,,https://api.stepn.com/run/nftjson/103/39622286127
HnhshEG5ejjxXmjngxqBN9uqRMSyZmuPixzLXfM2QSok,9FaQ1ZpkHHs7EWXfgAdHkWY4npq157zxVhuHgGVpYdYc,STEPNq2UGeGSzCyGVr2nMQAzf8xuejwqebd84wcksCK,255,NonFungible,Sneaker #729565168,,https://api.stepn.io/run/nftjson/103/40050911093
Ak4hUyTppvHJkN267fHfNMGnSg7XBKwmWSjVRAgNZywP,9iRV8zTEb5tQZkZoHMV2kTnHKEwKd9rBroDQury1RoH4,STEPNq2UGeGSzCyGVr2nMQAzf8xuejwqebd84wcksCK,254,NonFungible,Sneaker #280182145,,https://api.stepn.com/run/nftjson/103/124064069789
Hekgd3CYaMmi1GWPayG7Vpf5sYunrJzxQxquuQ1Rkpxn,99QrUZQ2u5PJporcu8BKdvRoiT5gVen6DpALoeuFqsTU,STEPNq2UGeGSzCyGVr2nMQAzf8xuejwqebd84wcksCK,255,NonFungible,Sneaker #174264986,,https://api.stepn.io/run/nftjson/103/112343310995
2WaR4em2yPUzS6eatHAhBafLSsWtbSbjqdf5iUYA8tkx,EZfxkGWNEJBE8mnhhaudgsUDoTwaYsjchSop31VXqxCe,STEPNq2UGeGSzCyGVr2nMQAzf8xuejwqebd84wcksCK,255,NonFungible,Sneaker #619080847,,https://api.stepn.com/run/nftjson/103/154620569187
FNksyzbQmkDBsA9pF1nmBW1e983rLvehHeANU98phbiV,CfzLE2ddSXohvKiPvCsv9ptzYVPtWSYSWUFGG4hs5d9B,STEPNq2UGeGSzCyGVr2nMQAzf8xuejwqebd84wcksCK,255,NonFungible,Sneaker #734682786,,https://api.stepn.io/run/nftjson/103/120365319295
756MYPjgmkZtRqyUfUmSrtWtDsD5uwYBMwr5ciANKSFd,6rvgTtzkzbBvTGVujg3t3QhMPRvTRVBe8LHVxkpxis7z,STEPNq2UGeGSzCyGVr2nMQAzf8xuejwqebd84wcksCK,253,NonFungible,Sneaker #484327304,,https://api.stepn.com/run/nftjson/103/196719412487
HVmm479qMj2dZYBXTdfgu2NoWqyNqKpvWutavnWiY36a,EJVoTFTQA4stdzQcBmRAADixmFaEKpbx9GjEoHRfmot5,STEPNq2UGeGSzCyGVr2nMQAzf8xuejwqebd84wcksCK,255,NonFungible,Sneaker #481056238,,https://api.stepn.io/run/nftjson/103/152479955823
GVkyjLznCDCUUULZA7aDPhJn1eU6v3zKvAoKrH2JXWjv,G8iBp9pvL1Aj38euNMHMXH9LoDix4n1c2vqUmXEuy7Xs,STEPNq2UGeGSzCyGVr2nMQAzf8xuejwqebd84wcksCK,253,NonFungible,Sneaker #879886189,,https://api.stepn.com/run/nftjson/103/62606830689
B2XFWeuaSTSpGRtwDdQgvtcUtWiyGdLw3EQw2rqe3Ufe,J1CwMUndRhJ21UQ5qtry8tn7YMaBLX4FzvTLtmbwMvS6,STEPNq2UGeGSzCyGVr2nMQAzf8xuejwqebd84wcksCK,254,NonFungible,Sneaker #272951281,,https://api.stepn.io/run/nftjson/103/29777115437
Cn8X5YQQ8JTBxnX1NriZCD1ExSCwtxxwr2mAiBtA6LDL,5ffRSewdUyvRbMsbe7oBQe1NcZcitzRgjDSUZe9vt9sL,STEPNq2UGeGSzCyGVr2nMQAzf8xuejwqebd84wcksCK,250,NonFungible,Sneaker #903937022,,https://api.stepn.com/run/nftjson/103/134558990355
52esVvG2gvrP95EWRteRv1t4R9VwUV4Bz3hAxPEc1ome,FGAm74kn9sXauiPUAP2T8H7eFXyXgWeqXA1t6KnhVBqB,STEPNq2UGeGSzCyGVr2nMQAzf8xuejwqebd84wcksCK,255,NonFungible,Sneaker #972423776,,https://api.stepn.com/run/nftjson/103/91928549727
4Cp3Y9aRnjdcuY2c9zcy3hTj4GotoWAD1JH7zwyXePtE,G5WbBAdK5aao29Nrudco4HbkNrBLZ6CXUk2JaT6WGdKa,STEPNq2UGeGSzCyGVr2nMQAzf8xuejwqebd84wcksCK,252,NonFungible,Sneaker #611216584,,https://api.stepn.com/run/nftjson/103/189157370441
Aj4emqnLB1UWXEpt5QieJ2AgVk7GQ432MqtJW5n5DC71,AboSWedjTsGKbDcHeSPRSEVhUSXCShfJkhvtFeRHYvH8,STEPNq2UGeGSzCyGVr2nMQAzf8xuejwqebd84wcksCK,254,NonFungible,Sneaker #301492357,,https://api.stepn.com/run/nftjson/103/27784347091
GHhXjmnfBMUc3nSyFJFUPoy8tjcm37HkcyhkgpLQSATV,3LzZNeFEcKbA8K6eUTewmniWXdjTcJpW6e9bH5wEDNDH,STEPNq2UGeGSzCyGVr2nMQAzf8xuejwqebd84wcksCK,255,NonFungible,Sneaker #987928893,,https://api.stepn.com/run/nftjson/103/126610753781
95kqL1MSCDtw8e6WFuXMGgNKLESxx98PiwiD92ejtRKc,H7L54h9SnJzdDkbqHv18CYNfhgpn1DKUTS3g9LUx1yNZ,STEPNq2UGeGSzCyGVr2nMQAzf8xuejwqebd84wcksCK,255,NonFungible,Sneaker #687874637,,https://api.stepn.com/run/nftjson/103/75339632529
CvUNwY25w65McD35vNG4Rw1xGPF3hUBcFsjCJBbJgtaX,HEDpMLjaFQms7dnBgVXwiC9XpYhD2hE1CcfUWVrAPtxp,STEPNq2UGeGSzCyGVr2nMQAzf8xuejwqebd84wcksCK,254,NonFungible,Sneaker #527601891,,https://api.stepn.com/run/nftjson/103/72122096557
8vRp8TZrvS1nAdZ2ief69GPLN3xfhLJMEzhcT5UcFuRG,9hMi2vm2Hobp2waY83K5XVPAT6DVpNUK66xAo2A7TT6T,STEPNq2UGeGSzCyGVr2nMQAzf8xuejwqebd84wcksCK,255,NonFungible,Sneaker #526575570,,https://api.stepn.com/run/nftjson/103/120137485429
Cff6qB7dBb6zGUzbYHfNbewRkd1C7fLij6fZWguok2DX,HrQjDks8nQz2xGKFokBLtx2dZZuZksMe9NqSjMdbK193,STEPNq2UGeGSzCyGVr2nMQAzf8xuejwqebd84wcksCK,255,NonFungible,Sneaker #654274037,,https://api.stepn.com/run/nftjson/103/31779724981
APy3Hi55czS1ds2e7idedb17V9jZmmWKa4GXTUDtKbhJ,CERR3XgAKKMNFZkU5JJPezgbyrPxtYqpJvHFfzvbm9iD,STEPNq2UGeGSzCyGVr2nMQAzf8xuejwqebd84wcksCK,255,NonFungible,Sneaker #957544779,,https://api.stepn.io/run/nftjson/103/68916985621
8E4nifpcbYMnsCSkCmvSZFGCo6mHzmswfnetMRSVHJVg,Dbwi4C7zHUHUeta12hETMBP68vkdTcVyJncX5DdXNXbV,STEPNq2UGeGSzCyGVr2nMQAzf8xuejwqebd84wcksCK,255,NonFungible,Sneaker #262059372,,https://api.stepn.com/run/nftjson/103/183146817629
94ZtRzs4qAZy2MUQtjvewSvEbetV5GzMbW2ZFp42Meqd,5Eo3CwMgQsBHkdr2iDDPyw7L4wTDR9XGFAt9TLsgMmEy,STEPNq2UGeGSzCyGVr2nMQAzf8xuejwqebd84wcksCK,255,NonFungible,Sneaker #863129083,,https://api.stepn.com/run/nftjson/103/53796802305
Abz3cvVxEPWG1fwxTsLeeebq6PVV6cQF6U8d2YfFKWVc,5zCPj4RYXcQ6WLWgmT8AnUrH6vTfFa16XY8CdPEMKvn6,STEPNq2UGeGSzCyGVr2nMQAzf8xuejwqebd84wcksCK,252,NonFungible,Sneaker #407641459,,https://api.stepn.io/run/nftjson/103/184056050591
Cq8VrkqnPvJYD64MVX3muEkQwxSLCkjib2UWb39YTujj,AgguKaxX8QsHqntyvxTZsrGVs318JYn1q8HbSD5vDsWp,STEPNq2UGeGSzCyGVr2nMQAzf8xuejwqebd84wcksCK,253,NonFungible,Sneaker #215011819,,https://api.stepn.io/run/nftjson/103/180445802449
H5YPE9A7zBU4ZnUUwZqFH5CZYgASeAkLA5fKTVYZFFjN,jMBQv99hkjBhKroebhMkeM4pvxMkohZ6kpaodyadxZz,STEPNq2UGeGSzCyGVr2nMQAzf8xuejwqebd84wcksCK,253,NonFungible,Sneaker #864875191,,https://api.stepn.com/run/nftjson/103/149371249689
HmqWBv7ueu1AjCZyrCNvBxSzuKarg1rwh95GKjyRs3U5,3r7oYjXZ6hQZGjhrNMLuS2cWY9UCqv22RukTVZcfdcwD,STEPNq2UGeGSzCyGVr2nMQAzf8xuejwqebd84wcksCK,254,NonFungible,Sneaker #475654607,,https://api.stepn.com/run/nftjson/103/52552578501
Fq3CZcozKW9JnDVC9wUuvJAdDFEcyhMrEkJo1DbE4TKx,3EE8Y1zviJPKMskk8UqSMUcVsGY7z2BmR1zyaV8Qiydw,STEPNq2UGeGSzCyGVr2nMQAzf8xuejwqebd84wcksCK,254,NonFungible,Sneaker #343691872,,https://api.stepn.io/run/nftjson/103/408615761
FK5sM8iAETjYv8LxfiNeP7wjFKZFftSnoq4yfJiJGFhP,3hvgivPdCuxZHCfEwwcDZ7frEPnBexxmUzEUuj67nGmR,STEPNq2UGeGSzCyGVr2nMQAzf8xuejwqebd84wcksCK,255,NonFungible,Sneaker #602950363,,https://api.stepn.com/run/nftjson/103/105737894701
87BrnJYnVtqffgn93X7Et5tzQ1TkPi5P8LNBNXZgZHMz,H8dq2oJqW8Ae3MctMQojMXBoArjb56CG1NWQ1W1rFLUi,STEPNq2UGeGSzCyGVr2nMQAzf8xuejwqebd84wcksCK,254,NonFungible,Sneaker #504861643,,https://api.stepn.io/run/nftjson/103/188683273211
ESLMbCC16F1XNuEt4CEnRor75TQAnYYhpnE6X8aPJSPu,Dy8B9vdUkawFxC8j4SvDm5xG878wp9ie9c33QsaBBxuq,STEPNq2UGeGSzCyGVr2nMQAzf8xuejwqebd84wcksCK,255,NonFungible,Sneaker #555367094,,https://api.stepn.com/run/nftjson/103/143043335767
GGaZcAQAvLwLrqMHuVQSbnoci8dMbUGyXWWeTdjh3vBM,41GCFUmzTwuQckNmcdJPpp16YW8f2g8KW6c6GngFxETy,STEPNq2UGeGSzCyGVr2nMQAzf8xuejwqebd84wcksCK,255,NonFungible,Sneaker #385426385,,https://api.stepn.com/run/nftjson/103/89910719599
CA9Po46xVK4KpD5k3v1RQtaDMHrSHn3T1tmb6rPzq9bV,8tqWwr57EuK8HsRLJY5RFdpR8UR1TpnejAwamBgzEzA5,STEPNq2UGeGSzCyGVr2nMQAzf8xuejwqebd84wcksCK,254,NonFungible,Sneaker #966748925,,https://api.stepn.io/run/nftjson/103/66786131011
DnV9wT8JgVUgtuBnHuE7Yj1v4WiGMbKKoAKc8mrporzp,5RXJYFnvkTrovgQ3RU1p4YMRfzM59WF6SMvr2969SCYE,STEPNq2UGeGSzCyGVr2nMQAzf8xuejwqebd84wcksCK,255,NonFungible,Sneaker #536433879,,https://api.stepn.com/run/nftjson/103/92882437277
BA9X6FcPWZzBhyFHxFEv3pePzZiKm22gq23ZPDGFJ98g,6PTcDTDhmagV8JfMrJ45zxUEZMZzWSiNvWWZAJyyEQtL,STEPNq2UGeGSzCyGVr2nMQAzf8xuejwqebd84wcksCK,255,NonFungible,Sneaker #517092682,,https://api.stepn.io/run/nftjson/103/53797184439
XDC3poAFhRyGdarK7ho1hAZDcsNFJy8S3x4Fk8WBGrv,6DdyLxELaBvKrDvqTUj7GE7kxPxVj8vH8q2qGA8BBiQL,STEPNq2UGeGSzCyGVr2nMQAzf8xuejwqebd84wcksCK,254,NonFungible,Sneaker #371058078,,https://api.stepn.io/run/nftjson/103/524918273
3sBwA8fLZ5sV9LZWp6CaxNjro3ithMJG8nBemuVV2NZW,4KobVCK1aLPpoCfFDf6mYnbMUuv5AnboxW6oun4z6LJw,STEPNq2UGeGSzCyGVr2nMQAzf8xuejwqebd84wcksCK,254,NonFungible,Sneaker #321741679,,https://api.stepn.com/run/nftjson/103/175380120491
2eyasLXButKMkGnahjosAiBsmXzAJLfnPYa1qKCRY2H7,GdVxn2j8cKzEpfeEQNA1asSHRPwzRrppqiq7ydK8unfB,STEPNq2UGeGSzCyGVr2nMQAzf8xuejwqebd84wcksCK,255,NonFungible,Sneaker #613811217,,https://api.stepn.com/run/nftjson/103/85052154509
7QTWBMnr857zYXtkkTrcqntfBrnDkDANnd1N4TCYzYFV,w12KtYwv8BB4AGq2ajJ7gEqLPWjALRCvkhqYYeCSy3S,STEPNq2UGeGSzCyGVr2nMQAzf8xuejwqebd84wcksCK,254,NonFungible,STEPN Shoebox #395233744,,https://api.stepn.io/run/nftjson/103/395233744
H8qDkWZhFWnC6jkBtbLCCe65MpebKojBNwQKZC7EnCBL,F8iuoDH2HNUUsSkqvHojK6HJVUf8HBqkgtfwaWEY5LaW,STEPNq2UGeGSzCyGVr2nMQAzf8xuejwqebd84wcksCK,255,NonFungible,Sneaker #679953786,,https://api.stepn.com/run/nftjson/103/123630150815
GcGuriNXPz8A2Hd4HyLMaddGgxpGvud8FjRwCp5YEG2q,3fZCuNSYnC1wZ4JgBe17ecYDA4DsorcCVXzvtgxw1djT,STEPNq2UGeGSzCyGVr2nMQAzf8xuejwqebd84wcksCK,253,NonFungible,Sneaker #691899306,,https://api.stepn.com/run/nftjson/103/168954996507
3whXFxUzT25MDebhWAU2N2WvuiRxUVJobKZATYv2TCbV,3J9rwq3GtvxRUQooe7r24UHv4uaAiPG1oL7LcXWDs6Lq,STEPNq2UGeGSzCyGVr2nMQAzf8xuejwqebd84wcksCK,255,NonFungible,Sneaker #959318930,,https://api.stepn.com/run/nftjson/103/179041673275
3oyD7swK5X6k55kgkYwsdz7mxxPPaRtySK4rBmLkWFRo,3E4mKz9NXSTmDMEUFDPWbQDk6mPriNoq6PuD9ZbfdC1U,STEPNq2UGeGSzCyGVr2nMQAzf8xuejwqebd84wcksCK,255,NonFungible,Sneaker #184623187,,https://api.stepn.io/run/nftjson/103/23009455475
26zUoztpArq9ZGPVpAaQrhunXLvM1V1DG7qnzC8PbXKB,DboZgPAfRfN4u3PrctAv59e41WKhMjL9D4m6FfKqDLQ7,STEPNq2UGeGSzCyGVr2nMQAzf8xuejwqebd84wcksCK,255,NonFungible,Sneaker #885533499,,https://api.stepn.io/run/nftjson/103/34146721625
BYs1oHqtF1DKc4sz2ALKGAkXnbJWe6e7S6wXF5FCVFCQ,9gTUBQvPVeokpk9Bsbwdr1KwdWb94gFXiwq6Vs6JcksB,STEPNq2UGeGSzCyGVr2nMQAzf8xuejwqebd84wcksCK,252,NonFungible,Sneaker #154664807,,https://api.stepn.com/run/nftjson/103/117529270259
HhhEcUe8biqgb2iL5TUWDYwCnLLjTAKaeGNqJ6GV9iG8,RLVyZ17w2NWrGJ4ExRLyRKh7udMiyPZ9WaFpuM4sKdN,STEPNq2UGeGSzCyGVr2nMQAzf8xuejwqebd84wcksCK,254,NonFungible,Sneaker #440870654,,https://api.stepn.com/run/nftjson/103/89547930337
HrsQQi3jY7Q2Cghy2kUtBGPhFsduyCDKnWzHFMYYvnez,A43um8ydgQmQwANmvYBFzdSEYzxJoLZBFE5xgzGqZSms,STEPNq2UGeGSzCyGVr2nMQAzf8xuejwqebd84wcksCK,255,NonFungible,Sneaker #228015468,,https://api.stepn.com/run/nftjson/103/68510497681
8BXTGbdmwTB9gVHhn3avk8aYR6qAHBbAsMHJS586SnJx,FSxQ6PFt5XwQQVqtnRnissQizyTiyKJgP7DnzvJ23ANm,STEPNq2UGeGSzCyGVr2nMQAzf8xuejwqebd84wcksCK,253,NonFungible,Sneaker #935041174,,https://api.stepn.com/run/nftjson/103/164773567671
42ZZPCCRHx8hySEVCNxLhAFuoCP45KheNHLZHQdnQSbf,35x1BhRAs9KwFJcCiXTwkC9t6GzGJdBKvhC82PqgVmdX,STEPNq2UGeGSzCyGVr2nMQAzf8xuejwqebd84wcksCK,255,NonFungible,Sneaker #844499139,,https://api.stepn.com/run/nftjson/103/107067746027
Bcbko7bQ67V5byXbSBihFSMigJJUoT9tK4kz3cvvjt1E,CLzX46EDXTbrGD9kbNxxJfMpH25jwcdUHE8QSg3W57wv,STEPNq2UGeGSzCyGVr2nMQAzf8xuejwqebd84wcksCK,255,NonFungible,Sneaker #725380706,,https://api.stepn.com/run/nftjson/103/74660403993
EeKXiFVP1tT6Qt9CJvuz14od42p6Je7kfFTeeZELnymK,C8Sztnr1BT7U1nJMkcqw4QfSZaraA7aJfX9uX1b8wkDw,STEPNq2UGeGSzCyGVr2nMQAzf8xuejwqebd84wcksCK,252,NonFungible,Sneaker #437621607,,https://api.stepn.com/run/nftjson/103/23672550073
8pbQ3Hg8vyKB1ogqiZsufZKMEBScyKDqGSzh8QZJMAyv,EFTg7uuPuPebiGYhwbhfvxz4hsc732xGv2ghM2qQr7bQ,STEPNq2UGeGSzCyGVr2nMQAzf8xuejwqebd84wcksCK,255,NonFungible,Sneaker #744321200,,https://api.stepn.com/run/nftjson/103/32322667817
AF2W3PR9ED6QXxKmcVeogJNZR2VMEPDDGkufQf2GXq9F,6b3HcbXR1zAananryqakN9RisvNFME5W9i7p53SFGiMw,STEPNq2UGeGSzCyGVr2nMQAzf8xuejwqebd84wcksCK,254,NonFungible,Sneaker #905002681,,https://api.stepn.com/run/nftjson/103/95623726391
8SBNQfbu27VEJgEW2ukHQr5E2MXM7WVv9UbXQhLxGq7Q,9ttnh8KzfpMcwW5SBxJoLBPY4KaShWpnMTPdPC2JZ3xz,STEPNq2UGeGSzCyGVr2nMQAzf8xuejwqebd84wcksCK,253,NonFungible,Sneaker #519054418,,https://api.stepn.com/run/nftjson/103/113397936727
EPZ31fvBf9cceNxQhJcQro6A55rMM9pWJgUtrP1SGWKF,27vCzWD4g2A3gXwcBfg4NyRLkA2UTqj8XW4ohpgU5v1Z,STEPNq2UGeGSzCyGVr2nMQAzf8xuejwqebd84wcksCK,254,,STEPN Shoebox #203594384,,https://api.stepn.io/run/nftjson/103/203594384
35H7ZygvQKEAmYY7waGdn98bpb1v6reQHpkryTXu82BU,Ev7QTiz3yUzQSMwBq3ePAgM6N78h3mSBCgvYhiBChSdp,STEPNq2UGeGSzCyGVr2nMQAzf8xuejwqebd84wcksCK,255,NonFungible,Sneaker #884564770,,https://api.stepn.com/run/nftjson/103/70722890383
8iJHembKUkmJ2AAQcdrz83t3rWZ6JZCk7QCMvuc3X8tD,6J1YLo27xYwjpE851MYrAc42eySbZrQGN8pLmQCEb5U9,STEPNq2UGeGSzCyGVr2nMQAzf8xuejwqebd84wcksCK,252,NonFungible,Sneaker #352848843,,https://api.stepn.com/run/nftjson/103/142224057893
8YvuAuT7SPXBJHr8jhMJDwP1N7rerZ92dgnoNndRq6Uy,6RitRMo83F56UevVdjR4GgJ9gCQiA6negYe6FEUj1noP,STEPNq2UGeGSzCyGVr2nMQAzf8xuejwqebd84wcksCK,251,NonFungible,STEPN Shoebox #212852207,,https://api.stepn.com/run/nftjson/103/141805624836
FnS9z6RzmA7xYjGbQX7CbBv7FcdeJRTNxjUfoU8o7RUp,fqaf7H97Aa2mJuhnDGSKa3yMNvqqbURhYmeqaGFJKCi,STEPNq2UGeGSzCyGVr2nMQAzf8xuejwqebd84wcksCK,255,NonFungible,Sneaker #203808607,,https://api.stepn.com/run/nftjson/103/123441958163
7erTj3EmT34o65pdqHK6PWkdM4r4zfs7aQvMRif9enSj,7MDAbn85AWf7iHvr9ZLArTTKjpqZFX1Wgrvt1Dnuvghz,STEPNq2UGeGSzCyGVr2nMQAzf8xuejwqebd84wcksCK,251,NonFungible,Sneaker #370447195,,https://api.stepn.com/run/nftjson/103/73448182187
8HtZPVQ9vNtWMbrE2TYpx49jictMy2Vbd2B9Dvo8TLws,9dQ95ki2pcChBzUuiR7q5oW26sobAkvbmc6MwomscC9X,STEPNq2UGeGSzCyGVr2nMQAzf8xuejwqebd84wcksCK,254,NonFungible,STEPN Shoebox #788565771,,https://api.stepn.io/run/nftjson/103/159378117016
7kWqpGdcZVjNtDKkG2E1moqCZF8wHHpyKHofr3r7VMYF,7YR6YNHTQVSYHBuML2YRosRhqNH8bkzUkn8v3jcV88p3,STEPNq2UGeGSzCyGVr2nMQAzf8xuejwqebd84wcksCK,254,NonFungible,Sneaker #712091538,,https://api.stepn.io/run/nftjson/103/101799075565
H3YL38i2unUnnkExGSNHY9X3MTQhiTqCNvZvt3vr6pVY,Bv6mVMwpQm6qEUHYjrqwAxQ2XUXosrpqMLJMHGe5u7kj,STEPNq2UGeGSzCyGVr2nMQAzf8xuejwqebd84wcksCK,252,NonFungible,Sneaker #378527086,,https://api.stepn.com/run/nftjson/103/44597132663
5BJa66vM9XpiQAGCeuq96yoXcxZQJXaA3bF3MZr9taPj,DQNsbeEHN9D4UN3bUWw8qQ8oouRzH6ZizgNW3EgHLkJV,STEPNq2UGeGSzCyGVr2nMQAzf8xuejwqebd84wcksCK,255,NonFungible,Sneaker #130703374,,https://api.stepn.com/run/nftjson/103/114442666525
7fa5QmjVX2iLHCkU8xGji4kAu98No96P7ynezjFSx1UV,7o2iLEwTk5Rzo4UvtYo6wqtQSQVn7qu66Q29CAP2kn5Y,STEPNq2UGeGSzCyGVr2nMQAzf8xuejwqebd84wcksCK,252,NonFungible,Sneaker #701323598,,https://api.stepn.com/run/nftjson/103/48449061299
4VkmFeNtu17sMgTCRN4etyyV8bA3pNe2BjJ674DwqyHW,Hcaoe6hQnhzpqCC2XQs7JSYSbTzs16BXrZspTfTXD8fZ,STEPNq2UGeGSzCyGVr2nMQAzf8xuejwqebd84wcksCK,251,NonFungible,Sneaker #351509713,,https://api.stepn.com/run/nftjson/103/109236602561
5xp4KoHitdMkjfmqa3V4BPGS6dDABsrGENSR1oiYhURR,GHUcjSGjF2XJEp4vQpYRkLChqF5Kp6CRwWd2NjwFdxZo,STEPNq2UGeGSzCyGVr2nMQAzf8xuejwqebd84wcksCK,255,NonFungible,Sneaker #318247706,,https://api.stepn.com/run/nftjson/103/138280869697
uvToCL7KcBiymJvf3N7cG6Y4vbDh6ksM3gAVXxjEaEK,FSXHH1c1k1jLi31zy9p8DkRhuyhhkvsyRedTzq2sJ6Pe,STEPNq2UGeGSzCyGVr2nMQAzf8xuejwqebd84wcksCK,254,NonFungible,Sneaker #771429981,,https://api.stepn.com/run/nftjson/103/156506997179
Bq85kn3jS6vLUcCVGUSdcoxkspYJ5KVhRZoX6mg4rDFS,7B5FsjLMJxZF2Y8YEL1eAKH1HdoFwPPBWmmbuGQQYNxK,STEPNq2UGeGSzCyGVr2nMQAzf8xuejwqebd84wcksCK,255,NonFungible,Sneaker #415282313,,https://api.stepn.com/run/nftjson/103/145995286223
ug11AurA2518ZsaUXqeG4LoJZrDrwmkw6Q5gHSekXHW,G9RBUAsmhomwqQpzqXjzAjTnxE6zar7ZeBswKkTAqrEF,STEPNq2UGeGSzCyGVr2nMQAzf8xuejwqebd84wcksCK,250,NonFungible,Sneaker #580482331,,https://api.stepn.com/run/nftjson/103/65397565481
Etk4KGcqDpPqMjhgJjkFxBCVvLMwFxeKG34AQxUoH5zS,2WMA9aneZueqxozqiLbPkDug6foLqiMZ8BCeAJrPp2Wv,STEPNq2UGeGSzCyGVr2nMQAzf8xuejwqebd84wcksCK,255,NonFungible,Sneaker #466530464,,https://api.stepn.com/run/nftjson/103/449596081
AR16TyMiJTB96DZvHHot14XQSRCaiBCnMWgKcYFdDCrS,BHLwsx2khvFRkGbgH3mCgrb4i1LcPri5Du6tJFnVoBd8,STEPNq2UGeGSzCyGVr2nMQAzf8xuejwqebd84wcksCK,253,NonFungible,Sneaker #205559233,,https://api.stepn.io/run/nftjson/103/136032951645
A7qmto8bwppA542vGVjTeQ3ckqKLMmbpjheNb5QN8Dw1,CMPRcDTAdi2bYcRsbjKiwd7heiWTqdpiZ3mNSXh1WgVX,STEPNq2UGeGSzCyGVr2nMQAzf8xuejwqebd84wcksCK,255,NonFungible,Sneaker #425254864,,https://api.stepn.io/run/nftjson/103/413508961
BBXjrR1eC3b9UuvVRhYK2ycfa9iNrSW9gqTHExGaXH47,5JTAgnLpcoZJFhzm2qY9VDGEZAJqrtfWZLTq81NR9ynM,STEPNq2UGeGSzCyGVr2nMQAzf8xuejwqebd84wcksCK,254,NonFungible,Sneaker #314758502,,https://api.stepn.io/run/nftjson/103/117417588079
6gdfY7adFTQtrEUfxcvr8PkGNRHbMaGKFToApg1FQbXy,9vat1C8XDiaMpwTK6Hj1QEnmT1fy4T3mRe8qAwp3seM8,STEPNq2UGeGSzCyGVr2nMQAzf8xuejwqebd84wcksCK,255,NonFungible,Sneaker #331759028,,https://api.stepn.com/run/nftjson/103/86948679787
4gaxtiycqEnMX9vuPXEYqKPvwMAQsTe9LWuseDEKDgfR,Edb2CroVb5HhQgQ8anTTLdLXy7XvuJzfDM7br4JpKWXu,STEPNq2UGeGSzCyGVr2nMQAzf8xuejwqebd84wcksCK,255,NonFungible,Sneaker #531567713,,https://api.stepn.com/run/nftjson/103/167903660809
Dac9EyEpPwTt9r7n1P3aXgvudqaqsFZwFY33ZTZPqfM1,HYMbVLsxQPCiw3EkU5ZfnPBLA5qLf8HEtr4rSaDa6EJU,STEPNq2UGeGSzCyGVr2nMQAzf8xuejwqebd84wcksCK,255,NonFungible,Sneaker #812744840,,https://api.stepn.io/run/nftjson/103/88738230979
Ay4kKHfoKVwisgBnR3e9WkRa4JzgWXThwpjJyisAYQU7,89LdvEYxdpHLnLbjpKp5BmYU1ZtLvPqXpp2iJsKZ46FR,STEPNq2UGeGSzCyGVr2nMQAzf8xuejwqebd84wcksCK,252,NonFungible,Sneaker #721762513,,https://api.stepn.com/run/nftjson/103/77071172783
BVkthjYbTMqq3NHfabN5BtKD3J65pU7JivtfAyWEdnwH,GW3MUZexyZqaXRVrTYg2MkxrJmDPSr3HFTRLHC2v9vrc,STEPNq2UGeGSzCyGVr2nMQAzf8xuejwqebd84wcksCK,255,NonFungible,Sneaker #751904964,,https://api.stepn.com/run/nftjson/103/58852219387
86FTWD9kLPhMeRDMFQ5yMjJoejpCmJkHmWfvUkzbQ4uu,zQiZVHAQ8RV9JoTtgfCiA7PZ7L6fvRHRX7nSCgqmyj3,STEPNq2UGeGSzCyGVr2nMQAzf8xuejwqebd84wcksCK,255,NonFungible,Sneaker #564702237,,https://api.stepn.com/run/nftjson/103/109888712713
31695JwqBAD5yL3akjQ6PcWdqPM3fYbZZAedtmZPzq6W,G9Bcbok7D6DaqUp6CWbpRv2zogRBLLnkqnYdc4qZnfQi,STEPNq2UGeGSzCyGVr2nMQAzf8xuejwqebd84wcksCK,252,NonFungible,Sneaker #141660656,,https://api.stepn.io/run/nftjson/103/24913526943
E4PgaFJqERr9pnLwkBtv7rZe8v9BWeHfQcdpwBkBD4Py,FPAUqGsKHaPydJo4tkGTnzhbU5H6rp6Sd5Uys8m37vof,STEPNq2UGeGSzCyGVr2nMQAzf8xuejwqebd84wcksCK,252,NonFungible,Sneaker #904910269,,https://api.stepn.com/run/nftjson/103/161887121263
8ypjLwHuZumQUNLksTtXpWFqifnax6f7sUxjZ6qfwABC,BjkgRCdjKEPbBo1iU3xLXiythwzMpG3AxBb8rZhWocgE,STEPNq2UGeGSzCyGVr2nMQAzf8xuejwqebd84wcksCK,255,NonFungible,Sneaker #782886653,,https://api.stepn.com/run/nftjson/103/190400348173
8y7wXavH5yWXSnXmpJmem463TVf5E3SzdSMEzmmHKvKi,EXkM6JM4F5FJK3kBGX6QupFgFYHwMQ6dvaorjZLx7uPi,GH4QhJznKEHHv44AqEH5SUohkUauWyAFtu5u8zUWUKL4,250,,STEPN Shoebox #3585,,https://api.stepn.io/run/nftjson/103/246859280
2su5dCAqMrrJvLXxiV81Sg9jk2yNcxeH7sFb3gaePL2t,F6sjXAfMZVmdSPknwAdYDNndcY2dGCxxDuFn6K9BgDpb,STEPNq2UGeGSzCyGVr2nMQAzf8xuejwqebd84wcksCK,254,NonFungible,Sneaker #833679129,,https://api.stepn.com/run/nftjson/103/162941652915
2ZzZHqNnw1dqecWP3gsRgK15cskPePK5xbKe2JVaUt3b,A4W6Ajm3LWT5xKfgi8pehaKcHhWHtBETfP75mziMoYoR,STEPNq2UGeGSzCyGVr2nMQAzf8xuejwqebd84wcksCK,254,NonFungible,Sneaker #229638109,,https://api.stepn.com/run/nftjson/103/141328866587
28zgnFoYQ3qLnDzb2xmaoKSR8fm8gTdDfgvBC3c1HFr4,A6UQg6UVQt6Wen78ShVSYHFknTqrvE2CFpK51X5y6zUE,GH4QhJznKEHHv44AqEH5SUohkUauWyAFtu5u8zUWUKL4,255,,STEPN Shoebox #1644,,https://api.stepn.io/run/nftjson/103/239985632
Eq6C8vZdEk7Px6CRosJvAQgQnAP161q78q5iExxRM7aD,BmDgdkvP3qqmMk2txw9orTYH4rY913rZ5kRxHo8Ah2b9,STEPNq2UGeGSzCyGVr2nMQAzf8xuejwqebd84wcksCK,255,NonFungible,Sneaker #127524720,,https://api.stepn.com/run/nftjson/103/133350254665
5d1mtV4Dz6vVnn7HS6LoJYfJ9p2g5Gga8xqUuWykPog2,9bJXTGGvWk2YJwGNfYziePwnxyx3rz7pgLjLfMThhSh5,STEPNq2UGeGSzCyGVr2nMQAzf8xuejwqebd84wcksCK,255,NonFungible,Sneaker #399308108,,https://api.stepn.com/run/nftjson/103/77544304073
3doPu4VuiNUgUnHQ8VgoD5rVA3qxifNYcFo44T7SeGeN,akSUQcc2TEUSLDKSnLCqSijak71jdhzhwRxLmBypimH,STEPNq2UGeGSzCyGVr2nMQAzf8xuejwqebd84wcksCK,255,NonFungible,Sneaker #609695140,,https://api.stepn.io/run/nftjson/103/148453510411
xiTZLtqnihEa7Qt2cjgNpb4nPS8gK3tzvk8tDYYbpcY,Fdr9XZ9iXyJ1Ccfjox3A27tivMZyuCwjRKsNUPRQLNr8,STEPNq2UGeGSzCyGVr2nMQAzf8xuejwqebd84wcksCK,254,NonFungible,Sneaker #712433645,,https://api.stepn.com/run/nftjson/103/145853420519
GsJK1m5zZX6x88Uti81qroJogo8oWJ1tZPonikooG8ud,9r5o9YwurBH9sYQWQVEUSZr7GrHCshuLKVnmKm6W8EXi,STEPNq2UGeGSzCyGVr2nMQAzf8xuejwqebd84wcksCK,248,NonFungible,Sneaker #212577230,,https://api.stepn.com/run/nftjson/103/174598187035
HHt8wZ2tQGbEQBjQRKVwoEvd8dMqiTpnavKdrX6zLweE,5tiWfa4Rzgb37d28gWsKpgUMmqyBwcjRgVyGHFpcLeMt,STEPNq2UGeGSzCyGVr2nMQAzf8xuejwqebd84wcksCK,255,NonFungible,Sneaker #674276927,,https://api.stepn.io/run/nftjson/103/39482696147
FNevvDUzUx2Lsx9DqKUB3HQop2wSFr9Q14EJeNAFFrDU,9ykwiQD1qpfRbMgKMg3cPk1yyBSupJKyN4yW6uY1dDLX,STEPNq2UGeGSzCyGVr2nMQAzf8xuejwqebd84wcksCK,255,NonFungible,Sneaker #478367185,,https://api.stepn.com/run/nftjson/103/97465879277
5dr63hSNaGzgDnZraTGs8YwXBg2PoaL8CvoqgyjmdKLk,BvBRQ6e2gvXrg6snvMrnPAAgWH99w2YXpWFaTxV1iq41,STEPNq2UGeGSzCyGVr2nMQAzf8xuejwqebd84wcksCK,252,NonFungible,Sneaker #655803262,,https://api.stepn.com/run/nftjson/103/146104268541
94F4TCJqqjHZLTCdU6g9uXDozxUqiJ9zELQjp3eHvkdn,8VghadpLnU8SfGefvXMKQpS6Bc12y2zpdA2uVPG4eMvL,STEPNq2UGeGSzCyGVr2nMQAzf8xuejwqebd84wcksCK,253,NonFungible,Sneaker #851088641,,https://api.stepn.com/run/nftjson/103/114730346017
HT9eu9MQZXr7TZSvQ81cjRkYdZSWtNGU2XUvdA9wtZrB,BdNpwbZqofxkPE1b16bgf8huWVm3r18EiPcfbYm1jzRc,STEPNq2UGeGSzCyGVr2nMQAzf8xuejwqebd84wcksCK,253,NonFungible,Sneaker #693898874,,https://api.stepn.com/run/nftjson/103/62350874117
4ZJfn65MhjPXj8yYuzzvHW7XYAKyberRCU9mkSz9n9YX,6mrF7nQbC1seNABAjxipmaADaVc7pjCXrdc18F1vKxxK,STEPNq2UGeGSzCyGVr2nMQAzf8xuejwqebd84wcksCK,254,NonFungible,Sneaker #501992284,,https://api.stepn.io/run/nftjson/103/114807106713
CC9D3RJE4sVWQXE42YvwwfSzUCgmLtZP6kaQnTgd8Cm,7m46EeM7BwCtkcfJ47bGJG3MwcA8aXWoue5xtrPisJXo,STEPNq2UGeGSzCyGVr2nMQAzf8xuejwqebd84wcksCK,254,NonFungible,Sneaker #708469329,,https://api.stepn.com/run/nftjson/103/182799972547
HxgfQyKyKyeD8hSpTU8DoNcGKAQpw76TWGkvQGydeAK6,94zT6khd6UwAWUMVuA1ixwQC3dc1cih6xnyS8dqSz3CW,STEPNq2UGeGSzCyGVr2nMQAzf8xuejwqebd84wcksCK,247,NonFungible,Sneaker #105400552,,https://api.stepn.com/run/nftjson/103/52463507411
gpKG88KRtvgci1oiSiAs3TWCvWz47Sh3w5PzZUQkfCV,Dfsmu96cxzNyrd1pu7cxwTX1PbKRygh8triVmRbVprUT,STEPNq2UGeGSzCyGVr2nMQAzf8xuejwqebd84wcksCK,254,NonFungible,Sneaker #814336928,,https://api.stepn.io/run/nftjson/103/113238501247
Buj5MERwZubHsb9A8n67fgh3ApV7pXWwWXjoSGovwBtF,CC5fPZ5zw8LoNgCqomKyjcxmUsyvpJmjNgT6J1xZQVKz,STEPNq2UGeGSzCyGVr2nMQAzf8xuejwqebd84wcksCK,254,NonFungible,Sneaker #823658015,,https://api.stepn.com/run/nftjson/103/36983878499
7azbVjyft8rrwdzpstSsXxFAUGBPCVZPto2FirwcuKwt,47uPkGif47knVBLnHrwvQbHWtJCnQVP5vqQKYXj1Bopc,STEPNq2UGeGSzCyGVr2nMQAzf8xuejwqebd84wcksCK,255,NonFungible,Sneaker #259471767,,https://api.stepn.io/run/nftjson/103/128257261947
AKS8HxbaxDSGyLdYey8qdHn1oJEhDFVt1JJdNKST4BfF,ATS9TBVk8Mp4z5kZDRRLFPmzZCcVsFXDmhZMZwVwFPKu,STEPNq2UGeGSzCyGVr2nMQAzf8xuejwqebd84wcksCK,255,NonFungible,Sneaker #365981983,,https://api.stepn.com/run/nftjson/103/112201480971
4AAgsB5KPRfpDLBFGqUqL1dArJ8sghPfsFYbi7P2zKJg,AEyFVAGy1wgK391QqP1S9fzmEryiR9oCqPf2tY3mTSTP,STEPNq2UGeGSzCyGVr2nMQAzf8xuejwqebd84wcksCK,255,NonFungible,Sneaker #988892602,,https://api.stepn.com/run/nftjson/103/147058990163
31s8Tprh5soNJYZRiAC7ccAxPCdmDCc9BLkMuwBoBJ51,7qhvqao93mZSjtansM5aGqH3oYxC8s2HWLcXejopQPjF,STEPNq2UGeGSzCyGVr2nMQAzf8xuejwqebd84wcksCK,255,NonFungible,Sneaker #891275982,,https://api.stepn.com/run/nftjson/103/61232011573
XfhdypzNETiNvP3tmMTfeWKtZzR1rdEewpWGFhE6fwZ,GyupEA3ZCJZUqnAPoJSuKeC3EsZcNBmdo19eHAcPCeT6,STEPNq2UGeGSzCyGVr2nMQAzf8xuejwqebd84wcksCK,254,NonFungible,Sneaker #434074112,,https://api.stepn.io/run/nftjson/103/434073121
FQ7AmH8macXn9twRYTWwnjDUdeicTf37HDHrDNCC1869,7RkuxbFhAdUpX9e9dhLiScMASrsVGZuvSp7rnGjB2UDG,STEPNq2UGeGSzCyGVr2nMQAzf8xuejwqebd84wcksCK,255,NonFungible,Sneaker #341215881,,https://api.stepn.io/run/nftjson/103/120247720185
96CkTuofroMhYxUQm5LV4F4iXR7jvdNdGrMhHUe1JfvM,HgG8ngTn4b21pUooQuNDBbCGxCa46oSgbeaMu7LBSTvg,STEPNq2UGeGSzCyGVr2nMQAzf8xuejwqebd84wcksCK,251,NonFungible,Sneaker #366161696,,https://api.stepn.io/run/nftjson/103/350292641
EFmvkQ7RzyuZd3yTFXX24joYmRT8vMGC5y7LtmwJsacd,5bJoDGAB3KsRfBDSVMUyR6Cw7qbz5MTHnrExK2rCJnbT,STEPNq2UGeGSzCyGVr2nMQAzf8xuejwqebd84wcksCK,255,NonFungible,Sneaker #768154146,,https://api.stepn.com/run/nftjson/103/195838036847
9H2K8h2RmearoU6nTGv1vLbFJJhRgmZaeY7CzsB4Uy2q,4jNHoXLxYkqaWSsFRuyxcqA7xXsyK6dvAzfThjMqMhYn,STEPNq2UGeGSzCyGVr2nMQAzf8xuejwqebd84wcksCK,255,NonFungible,STEPN Shoebox #837855810,,https://api.stepn.com/run/nftjson/103/142886218014
9HMTXciWzjUDLwW5FvMWAmtMiLwynYpdbjcf1y2rj9Py,6C4Y32CBdGjsEXvfvpfZbCFaBEn64wVPLhZeUnZ7DK6c,STEPNq2UGeGSzCyGVr2nMQAzf8xuejwqebd84wcksCK,255,NonFungible,Sneaker #721734470,,https://api.stepn.io/run/nftjson/103/58927570447
2brWgD2ad2LjVN3TPdKXzBPxPaCXpbWDkwHghZUcMKzF,3gUcw7gax3yZntSjMSm4NnygMQn8MfGGACS89QA12vRP,STEPNq2UGeGSzCyGVr2nMQAzf8xuejwqebd84wcksCK,255,NonFungible,Sneaker #879605690,,https://api.stepn.com/run/nftjson/103/42008352047
9QPCFXha1NBmrAVa441YMZ3V9JJsTUbBTQT2pbk5sWx2,DPmNXQMqh2cPBM9Mgf7gzaDaUA7uczfYDwfQfuimLL7C,STEPNq2UGeGSzCyGVr2nMQAzf8xuejwqebd84wcksCK,255,NonFungible,Sneaker #370359120,,https://api.stepn.io/run/nftjson/103/381372561
Fo1PGop9VBcgXcmkymXTWk4usTskYYWe99TZ6vPNx2q3,7u6pt9paDXH7f6RzBRP1Q7b7ej9qYnJjAsneXaY8o2R,STEPNq2UGeGSzCyGVr2nMQAzf8xuejwqebd84wcksCK,253,NonFungible,Sneaker #780982509,,https://api.stepn.com/run/nftjson/103/179260093053
4w3VRZzY1hqQEDoMQY9NY31UWmTGTQKHe5AWjG41E3UR,3gtT5FV6WcenxzK6s57P6oTsEKHGDyoT73AjCwZxuHcS,STEPNq2UGeGSzCyGVr2nMQAzf8xuejwqebd84wcksCK,250,NonFungible,Sneaker #595866742,,https://api.stepn.com/run/nftjson/103/118411902001
3sckPosqc43ZkyrSU3X9HdH5fXwuoTEDrfWvsfMTJME6,5gGxVPLwzd19NTbqsbnrivgBP7363LB95n8LKahYYycL,STEPNq2UGeGSzCyGVr2nMQAzf8xuejwqebd84wcksCK,254,NonFungible,Sneaker #218312434,,https://api.stepn.com/run/nftjson/103/103611177891
9ykd4m8iby2buy2JfT57xq28HJfXPGcgH5P5g2DKa1Bo,7539aEWAnEaB5P71TWeuMA2jd5ZbLXnyxmnA4xLJCbC4,STEPNq2UGeGSzCyGVr2nMQAzf8xuejwqebd84wcksCK,255,NonFungible,Sneaker #889617266,,https://api.stepn.com/run/nftjson/103/57329886685
HKxNnxa9w2WsZbGqiNMEL8ijveCg98ooNwak5wAJcTa9,jMjE81awh6XwnnMETqMmUKdTV4QJRfs6a9ony2Fkmst,STEPNq2UGeGSzCyGVr2nMQAzf8xuejwqebd84wcksCK,252,NonFungible,Sneaker #325894835,,https://api.stepn.com/run/nftjson/103/119379975765
Fnp6rYJQzzcBs272DB1enxdAmKURep55KX2gmGV4ddvv,7NwxfEjYbnZUNR6fcDFPixe6zWx4hx5xJqfKT158ujYS,STEPNq2UGeGSzCyGVr2nMQAzf8xuejwqebd84wcksCK,252,NonFungible,Sneaker #949495190,,https://api.stepn.com/run/nftjson/103/37572976477
UtMppYJDJ9pYbRUQPwTT2XbtdztyMGCG6r5zRJj7qJT,EUsDqWm4znjizQ1FEUvDNaPhQp4c2WMFFid9oiiov5VA,STEPNq2UGeGSzCyGVr2nMQAzf8xuejwqebd84wcksCK,255,NonFungible,Sneaker #305709380,,https://api.stepn.com/run/nftjson/103/57263415141
kCDDAmtXNShcS3jknfGWvtJgZq4bRvFWVj8xhXpM8Fb,Hfd1a2eUkLZfC8xLDmqtEvmTPojyvAXeiTp65XGxy2pP,STEPNq2UGeGSzCyGVr2nMQAzf8xuejwqebd84wcksCK,255,NonFungible,Sneaker #833455720,,https://api.stepn.com/run/nftjson/103/197751302589
2Fh3JgRyyS79eFwf7F3f6Z2ihbARxtFWjNcr3X8CcNT4,3UYkhkCprFghfzd4Bqx154W4cLiK4xCWJjSBsMdMtHM8,STEPNq2UGeGSzCyGVr2nMQAzf8xuejwqebd84wcksCK,255,NonFungible,Sneaker #391319374,,https://api.stepn.com/run/nftjson/103/141997819715
GDxVppbizJFjbdHDtFb3VQzV3fq7XUSr42DmdeuNeS7X,F4vZ6skmzRj9gFs4EF8dy46WMwMkhPYRFdpkLqqxkR2K,STEPNq2UGeGSzCyGVr2nMQAzf8xuejwqebd84wcksCK,252,NonFungible,STEPN Shoebox #669621369,,https://api.stepn.com/run/nftjson/103/169218259032
AVi86Bq5PLUD7Abuu6QXRoFdKHeKHcFhin5DzkwTBL3P,AMvEiHLtRYEGJ4875FjikeVqfj4gC8XQesMk7L6FN45m,STEPNq2UGeGSzCyGVr2nMQAzf8xuejwqebd84wcksCK,255,NonFungible,Sneaker #974854349,,https://api.stepn.com/run/nftjson/103/124994237817
vx936Z7JMbb8JpbaKo2MBkgCRehhmKBwEEKrHLmLvc9,5qFAS8YhiSPJ1dHr9N31Lt8irEXQez5PjEe5XVQfxch1,STEPNq2UGeGSzCyGVr2nMQAzf8xuejwqebd84wcksCK,255,NonFungible,Sneaker #989929967,,https://api.stepn.com/run/nftjson/103/94516064755
G3sTM3JeJxhjbg5kVXcuL9cNBvigF75jEFQ157SUpX1E,3od2TE3FWVhgcdytCQEricQzXo4f1EQWX1nQXCm3FmKz,STEPNq2UGeGSzCyGVr2nMQAzf8xuejwqebd84wcksCK,255,NonFungible,Sneaker #448196942,,https://api.stepn.com/run/nftjson/103/27352243429
HXFKcLj7xFP2fiPpdRTQUKgfAQ1Ns8ruGC98WYwSpJ7v,EGdjTGJ2w6QqAbACgtVSgyQeQzxxSMUUhF7mxzx7BNFd,STEPNq2UGeGSzCyGVr2nMQAzf8xuejwqebd84wcksCK,255,NonFungible,Sneaker #423607136,,https://api.stepn.io/run/nftjson/103/530808705
4ebnyzjP6SPFkEh3MuXjpy6WwQUxkKhWbucFZWLJMsTw,14Fpt4QR2UgDddq8voXwKibUi8169CRPZeuKgfmJgxV,STEPNq2UGeGSzCyGVr2nMQAzf8xuejwqebd84wcksCK,254,NonFungible,Sneaker #890309261,,https://api.stepn.io/run/nftjson/103/31692149727
4jSpvboyLf8bWwHUA9ghPEnjfZd3kb85m1huk8vCTEFu,Hm4YMehdeAbPqveotaeCnTVMRtRb3cLXw9C222JQQg1h,STEPNq2UGeGSzCyGVr2nMQAzf8xuejwqebd84wcksCK,252,NonFungible,Sneaker #495003334,,https://api.stepn.io/run/nftjson/103/126225774405
CyTx7VfU49xJsLCPrAGWe8XJdz3GaTpsTPACGvatjm46,FptC6PzsRbU6gXh612TjiNEZHiZoQ6jiJ57hunmhhWpx,STEPNq2UGeGSzCyGVr2nMQAzf8xuejwqebd84wcksCK,255,NonFungible,Sneaker #560865655,,https://api.stepn.io/run/nftjson/103/153810027325
7ciURqYhsDjU5GWdoMgQc9m9vQFN4stjfXhdQCXNqU6o,86sEjuHn8eTCjNNapnraVeNSzNXmssiXjk2BLsYgvPz8,STEPNq2UGeGSzCyGVr2nMQAzf8xuejwqebd84wcksCK,255,NonFungible,Sneaker #705758257,,https://api.stepn.com/run/nftjson/103/150217921361
2TB5GGH1snmZ68zAt5Ks2ACcLQYpN5YY4y956sHxTiJc,7fpicgs3o931rPuvnekjUqAsmSwqhS2z4qkFFv8rSYoG,STEPNq2UGeGSzCyGVr2nMQAzf8xuejwqebd84wcksCK,252,NonFungible,Sneaker #323056782,,https://api.stepn.io/run/nftjson/103/120154881291
5wyZnmi7UdsJpZc1LAHssnJ6UqqsCgmTmkixCwva4aUA,6wqaBBV7dhtYdejtBZmHqGV4r1HGsc198CaxaSxM8Zga,STEPNq2UGeGSzCyGVr2nMQAzf8xuejwqebd84wcksCK,255,NonFungible,Sneaker #783534541,,https://api.stepn.com/run/nftjson/103/174892477145
DEBaW4vmrroqEkfbAQsJ7P997edhJgXaZCsyguRYMRSu,HstAbtuLEpzuRoET8LZhcWHgQWKMwbXes4MWmsyx1nn4,STEPNq2UGeGSzCyGVr2nMQAzf8xuejwqebd84wcksCK,255,NonFungible,Sneaker #866315267,,https://api.stepn.io/run/nftjson/103/22674840953
57QHgyFWs9ACRDZXcYJKK4ZN8Sof2m5y4cXBSLUbjVKs,BKQxuP3sWA8fGgDEwSYA8KFMascnmzMZe6uN1wJv8W56,STEPNq2UGeGSzCyGVr2nMQAzf8xuejwqebd84wcksCK,253,NonFungible,Sneaker #111145294,,https://api.stepn.io/run/nftjson/103/113636639335
FQiMJVfiik9nY7fYDTY8iErnQcoz3Gr7qEi14MeET4Pr,9zHSZ8V4ZGDGAp3BzCxhDm1X3uuTFKFrSqc7Sc6yGVzY,STEPNq2UGeGSzCyGVr2nMQAzf8xuejwqebd84wcksCK,255,NonFungible,Sneaker #722166228,,https://api.stepn.com/run/nftjson/103/151740157833
2GiXteSv98bfkC1zT3LLThPE4SA649ffcMxo8eS8tTZ5,8DCHEmkfyJbG456mavx3LcSJm4a32Eq1D8cWDWxmPSvc,STEPNq2UGeGSzCyGVr2nMQAzf8xuejwqebd84wcksCK,252,NonFungible,Sneaker #314755490,,https://api.stepn.com/run/nftjson/103/194625302093
GbJ3d3CVwrywRsFveG1LnrFi4Jj9qC3t2StNdzCQikDE,9hydUdW2dTpGRznY6xAAJgRvFSdRczA7mNgPw2cRW6d2,STEPNq2UGeGSzCyGVr2nMQAzf8xuejwqebd84wcksCK,253,NonFungible,Sneaker #354475500,,https://api.stepn.io/run/nftjson/103/74208294471
4NY6roWu6H7uECkmbPbpp8rzVppYPbULm4Fr64QsA8qy,7WNMub1awtdUSJGVQJdG1BNEwXaJXea8xf4XRNC9tFQD,STEPNq2UGeGSzCyGVr2nMQAzf8xuejwqebd84wcksCK,252,NonFungible,Sneaker #317903340,,https://api.stepn.com/run/nftjson/103/96983444333
wYvHo9QAihn64m2L4BE2k5UM1B6uq9jHFAPTMczHBdp,2xHmxuAeksZkqoNenMtE8JNMw2BBH5wyepSrKhxSaonb,STEPNq2UGeGSzCyGVr2nMQAzf8xuejwqebd84wcksCK,251,NonFungible,Sneaker #354724944,,https://api.stepn.com/run/nftjson/103/26715894609
5jYphNGNF7YrqLguJc6sdm2P32khCdo9zbfFQdb3ExBT,91hhaLH2qWHet2FwFuryauorXbdWt5E9WCUnT3W9kAhB,STEPNq2UGeGSzCyGVr2nMQAzf8xuejwqebd84wcksCK,255,NonFungible,Sneaker #216819535,,https://api.stepn.com/run/nftjson/103/188610701847
8LZENe4bvGAaWZdxa4JXb11hoXvA677W6w2SEwiCxMeD,9MjZc2qgh2hFq7rpPtSBnHWkmFPMa35hJ17Xow5poxkm,STEPNq2UGeGSzCyGVr2nMQAzf8xuejwqebd84wcksCK,255,NonFungible,Sneaker #406951728,,https://api.stepn.io/run/nftjson/103/406948417
EtewrJYCi2CtGrRR6oVtK4vfjkWG1wTJGX2sTfmtSRxt,DNv8GCWNLfRZVnthAaLgBBFyrChU3A2NbEGTVuyu6dMe,STEPNq2UGeGSzCyGVr2nMQAzf8xuejwqebd84wcksCK,255,NonFungible,Sneaker #902504727,,https://api.stepn.com/run/nftjson/103/98578980575
3y7qSGkMB9NF14x7VS2hEbZfDzRu1nSyKk1RQGLsDDtw,8x3dLk4dbr22uTE9X8TE3JNQp51ZUB7JsFVvqnqo1K4K,STEPNq2UGeGSzCyGVr2nMQAzf8xuejwqebd84wcksCK,254,NonFungible,Sneaker #435255152,,https://api.stepn.io/run/nftjson/103/103592258987
5Zcc8zwnNSmi548DxQktspKMpVzPYvASB37LcpeaSEeH,5mJAKj8qLhSXbPhtjzUYtCKxcBJtPmjgQDaATPZTggDm,STEPNq2UGeGSzCyGVr2nMQAzf8xuejwqebd84wcksCK,255,NonFungible,Sneaker #639146349,,https://api.stepn.io/run/nftjson/103/107477662737
CbR3Wj9PRoUHnBKtgdqs4f4G4185qpDWhMLNjxH1gfF2,CNDxXu9MUPzaXjdv53wcDercN4XzESGNFrCqJqBa47DQ,STEPNq2UGeGSzCyGVr2nMQAzf8xuejwqebd84wcksCK,254,NonFungible,Sneaker #881472755,,https://api.stepn.com/run/nftjson/103/48345987437
A5sGheBjZ9xwJ3F7XQCLqUgtTSXv5iUa4w8z2gNdmALM,Hj2ErW8XEe1q67JC63oc4iwNu5bVUimXe3g6unQti72M,STEPNq2UGeGSzCyGVr2nMQAzf8xuejwqebd84wcksCK,254,NonFungible,Sneaker #183841541,,https://api.stepn.com/run/nftjson/103/115123195869
GFHXcp8ynL1JxwS9EKMVyNMUxCiKKQPuHB8MaLk9siRp,7284CcBSDPPVk81Cd8v9FwjG2XQhbwmavyrUstXwXRSA,STEPNq2UGeGSzCyGVr2nMQAzf8xuejwqebd84wcksCK,255,NonFungible,Sneaker #832022923,,https://api.stepn.com/run/nftjson/103/194906705743
FUNpzEW826xjn2ysnX4rLJbrNRVBxULWQq47zSZAxZTD,BXDMEEBWVAerHvVJQE9JVG7cs42KWJzEjftLdUcJ8jCV,STEPNq2UGeGSzCyGVr2nMQAzf8xuejwqebd84wcksCK,252,NonFungible,Sneaker #195075808,,https://api.stepn.com/run/nftjson/103/109306290119
5ixjfFb9G14ek9awEZjZRsuYzgNHT1WeVPMAzujdzX4F,6dLvTrUuuwK186FNs3a6L1KPPbce81MqmJAuELhvv6uL,STEPNq2UGeGSzCyGVr2nMQAzf8xuejwqebd84wcksCK,255,NonFungible,Sneaker #554655088,,https://api.stepn.com/run/nftjson/103/118154636239
8x9P3sB1VArdv8k6dpT83gMu9yVsGyNJmtDSQ2J9yT7b,GsvkUAHyxPVQesMNiMG7XourztC98bXGwxR5mEFT49nH,STEPNq2UGeGSzCyGVr2nMQAzf8xuejwqebd84wcksCK,253,NonFungible,Sneaker #920447445,,https://api.stepn.io/run/nftjson/103/115550090075
8ct7yz4pTZFrLJJG3MDeAbjG6XGmWkD5zQhE7XgCZncj,HmVCKZCCNH8nr8Gc4GTCF2uUcxcegp5p2XaUyB9oLDef,STEPNq2UGeGSzCyGVr2nMQAzf8xuejwqebd84wcksCK,255,NonFungible,Sneaker #897793836,,https://api.stepn.com/run/nftjson/103/145902817325
69k9apEyeKd5AxRdNrzaXuFaRdxzjvGp3cdUMV6YSdgv,AiZoLXxorkxhDeoVoCCAyih8ww9vpWwfM3s6xNf5nQvw,STEPNq2UGeGSzCyGVr2nMQAzf8xuejwqebd84wcksCK,255,NonFungible,Sneaker #553595202,,https://api.stepn.com/run/nftjson/103/35556716707
DLZU3HAq9y1vrRHx8PzFq4QRDM5N2L3Hkg3RTejg51tu,HeWcA2uhEm79SBohNbV6DAZQgkgLfvX8Yqhd3r1oScy3,STEPNq2UGeGSzCyGVr2nMQAzf8xuejwqebd84wcksCK,254,NonFungible,Sneaker #175381460,,https://api.stepn.com/run/nftjson/103/51415567413
4dkRRV7z65ttEbxngqi9LDR9JRe8MssRLhXqXfKwDGSj,4uDxzFvA9YemSVAtDDdRLTfVxYvsbbGt8bwFszY5keVz,STEPNq2UGeGSzCyGVr2nMQAzf8xuejwqebd84wcksCK,254,NonFungible,Sneaker #694807752,,https://api.stepn.com/run/nftjson/103/153164240833
H7ecxfwKB5o4BpCHeEq5PWS8xhxjtK8556cKSgnyBWWd,39BPM7DRadzXAqTcwWVsLNzETG5SjdvsfxSgNiyWrbDJ,STEPNq2UGeGSzCyGVr2nMQAzf8xuejwqebd84wcksCK,253,NonFungible,Sneaker #962688181,,https://api.stepn.com/run/nftjson/103/89851744277
D222E4mx9cj1V9cHXZuCiQs4TG2XD1X3h6sxLqsHWpoP,5cUSiGJeJ99crYxNCiyiaaq8JsRYr7NFqnTgisQBadeb,STEPNq2UGeGSzCyGVr2nMQAzf8xuejwqebd84wcksCK,252,NonFungible,Sneaker #832898236,,https://api.stepn.com/run/nftjson/103/116275230907
6TVqF8KeAFNMLX5BgaA9ArMHqXTYgy3R2GrcmYHPYzGV,56N4pJYxP7Cx3y8vVW6gWfdtfWevoLxtLeJkq4oYtaB,STEPNq2UGeGSzCyGVr2nMQAzf8xuejwqebd84wcksCK,254,NonFungible,Sneaker #681826122,,https://api.stepn.com/run/nftjson/103/160274783547
EVnUETw4N56Twt1LBdKRVEqjKotSG9X7tPqYMgjQCJt2,FvTyT2ZMhNx9D7J4ZyhF2jBJ3xjxAGqjS3CdmUvkwPXQ,STEPNq2UGeGSzCyGVr2nMQAzf8xuejwqebd84wcksCK,255,NonFungible,Sneaker #515688430,,https://api.stepn.io/run/nftjson/103/57298498081
DJxRL4yYfm86fLEiF3p4Fciu7MjG7fDwK6sCeHcDfo4J,35DP6S6MEw25mmZXQcsosTyHZJfwQ9VTmy5HyMzoeBop,STEPNq2UGeGSzCyGVr2nMQAzf8xuejwqebd84wcksCK,254,NonFungible,Sneaker #565296047,,https://api.stepn.io/run/nftjson/103/40364673545
2ddrkUsBM4cENBmNQi9wAHWb7gmLRiw7nVi3Rwj6QiMC,9EFWKAq4FMU5qjxZdtZYMtAQytHBAgEpdyvs6ayWF6Nc,STEPNq2UGeGSzCyGVr2nMQAzf8xuejwqebd84wcksCK,255,NonFungible,Sneaker #875767351,,https://api.stepn.com/run/nftjson/103/89672480013
NMhs9Jk6v5kUYJef8A9XwS7gGBYF65ttLYquc9h6PNU,8znCCRW1gfc63yrUMYdfXXfNCRkR6N17HzyCLZazvGd2,STEPNq2UGeGSzCyGVr2nMQAzf8xuejwqebd84wcksCK,255,NonFungible,Sneaker #816050726,,https://api.stepn.io/run/nftjson/103/178578492605
H2XwbRdzkQsDEaduLb6spFJoSvMsVjR9NVyHvJY1QUuu,SGMguYYjVxa9F5vuRwgmsFberreS27YakB6f7HZqK9P,STEPNq2UGeGSzCyGVr2nMQAzf8xuejwqebd84wcksCK,254,NonFungible,Sneaker #395623036,,https://api.stepn.com/run/nftjson/103/134506243559
FcRhzbQwSrxbxbhpXP5iWWDMgbhPSv1jEGrQqQqq29vm,FdKKz34AuarQu3tT5AyDoFatgu5LPV4NsFqGRXc3UaFF,STEPNq2UGeGSzCyGVr2nMQAzf8xuejwqebd84wcksCK,245,NonFungible,Sneaker #309198835,,https://api.stepn.com/run/nftjson/103/22757871125
5jo86Svh2kQ8tBx9vKr81HYZnTzxoPhez1STm9zs9so1,DEGD2cuaPetkwWMPdfPJBvDwmYfDxe1hocYrUZny2dM2,STEPNq2UGeGSzCyGVr2nMQAzf8xuejwqebd84wcksCK,253,NonFungible,Sneaker #203156954,,https://api.stepn.com/run/nftjson/103/46443289925
Evo31uV647ZdLARwiyfuixGR8xbTDJhh8JuSJb881LJg,47NJBSyQX1mLLJysqF7xFJ1QFETwgMQDcfLvWX8hSJBd,STEPNq2UGeGSzCyGVr2nMQAzf8xuejwqebd84wcksCK,254,NonFungible,Sneaker #264028387,,https://api.stepn.io/run/nftjson/103/111047644867
CRu8doRFCSPdGadgv3odcQm4uwdXanpuRye7Kq8PJ4J,DvFp1ez5GZd57Fg51VPnGKobJ7QBpn8rsD2sZD2NcCrh,STEPNq2UGeGSzCyGVr2nMQAzf8xuejwqebd84wcksCK,255,NonFungible,Sneaker #317941423,,https://api.stepn.com/run/nftjson/103/39841044437
CQQBd9e7Wx7CGiBVskSYxDMwMLfpbGwaoYBVoYxjqSTg,By5fkDgAXJyTRUQDopT3LNK8gZHM4XddPSwBgvmhb2bg,STEPNq2UGeGSzCyGVr2nMQAzf8xuejwqebd84wcksCK,254,NonFungible,Sneaker #810993210,,https://api.stepn.com/run/nftjson/103/110242773885
D6jWzvpKA61E26kYzwNSCyLKPFfWhx3MJTnyFMwh4EsW,8BtVC2HYfsQ5VFFMty3agkuhNG2uVh4kYDaRz566ccpu,STEPNq2UGeGSzCyGVr2nMQAzf8xuejwqebd84wcksCK,254,NonFungible,STEPN Shoebox #869248995,,https://api.stepn.io/run/nftjson/103/175970055702
2P547F84XmHVQcvbLPEr457SvzmbavPJQPicHhBdoLtD,E4mWTz7RJomgmGZzimAW14zfVN3Fza6YzGJrdCTGEPeR,STEPNq2UGeGSzCyGVr2nMQAzf8xuejwqebd84wcksCK,255,NonFungible,Sneaker #121873394,,https://api.stepn.com/run/nftjson/103/95489446773
G4eL7YDsorvRwzWwmKckCKFzN2eXDufHDeu2Ky5o9pKn,ATWa37Q2wjVdWmCTnGJUd7hV2CkWmv8DXAkZTxdrhygW,STEPNq2UGeGSzCyGVr2nMQAzf8xuejwqebd84wcksCK,255,NonFungible,Sneaker #174296041,,https://api.stepn.io/run/nftjson/103/175405200777
2yaq9GQy2x1RTVv7ZXVCLyeQVbfmGBjGwJUjaQKusNzB,3M261n5Q4PJJpzP1oG77chF574s4KajFwsJ8BShuFWav,STEPNq2UGeGSzCyGVr2nMQAzf8xuejwqebd84wcksCK,254,NonFungible,Sneaker #933645958,,https://api.stepn.com/run/nftjson/103/145335276783
2DVUFQpbLTdcu86TYnFTjGBM2DhLJznqB6bg48AnQhAN,EKpzhj7oe15JymuVk8HG2kiVq3aCr2ZP2GmBJLqJp7HB,STEPNq2UGeGSzCyGVr2nMQAzf8xuejwqebd84wcksCK,255,NonFungible,Sneaker #243087070,,https://api.stepn.com/run/nftjson/103/53974994913
27nCaNZovXifAYf37djtE5Rx9qfTj5Eg1rZJf3u1BPtR,G8QwXMwA6kS4ejf3F39iSgKuS68ozejFEjUhhf4CJqJP,STEPNq2UGeGSzCyGVr2nMQAzf8xuejwqebd84wcksCK,255,NonFungible,Sneaker #406051128,,https://api.stepn.io/run/nftjson/103/185572296665
FRHJktLyZoFKPzygwLUx32suFqVyKKrRoSKRz4murBu2,JBorWsCLTK8rtAfBaZxb1npBezcqGVZ6T5DRDG72fDKx,STEPNq2UGeGSzCyGVr2nMQAzf8xuejwqebd84wcksCK,254,NonFungible,STEPN Shoebox #521922020,,https://api.stepn.com/run/nftjson/103/97325315936
H72CN62ebCv3gfiztN1XNcPqhvpTZAWKWmcQw1NBACyx,Gkg1BTk87MrKaAytpSKEUb4ebMD4ghaaWWfoCChJnRja,STEPNq2UGeGSzCyGVr2nMQAzf8xuejwqebd84wcksCK,255,NonFungible,Sneaker #775678561,,https://api.stepn.io/run/nftjson/103/81958385665
F8mLsvaLf62jycQiu8hdYz2gWtfsrwb9NoxGxBW6dT7H,8xfc3hSaJkd8oitJjD6xmoGnFwtm5r5Yuwy6sZED7PiY,STEPNq2UGeGSzCyGVr2nMQAzf8xuejwqebd84wcksCK,255,NonFungible,Sneaker #988617123,,https://api.stepn.com/run/nftjson/103/91609283441
8RiuiEJrrWkn9BPGe3NwYTNqX4evxQRxaizrjRmsMApG,Ay48QeisCXJG8bCixCRhCSgG9dTBCVj79GFkmxCi5Rfq,STEPNq2UGeGSzCyGVr2nMQAzf8xuejwqebd84wcksCK,253,NonFungible,Sneaker #137726140,,https://api.stepn.com/run/nftjson/103/126158226445
4AepdM2SgrkKRWG5V8aUQK9yrVS6CYEX3CBJnaf11fku,B6XtK4yzmWgbvdqPBEkpUMEj3NMKi3ioTL2J3VhdfAsf,STEPNq2UGeGSzCyGVr2nMQAzf8xuejwqebd84wcksCK,254,NonFungible,Sneaker #765845032,,https://api.stepn.com/run/nftjson/103/21385458547
68hbX39ruuodH4ue2ncXFgoeQMn8Q3KHFYMPFkn3t8Xp,4KsvfBMzxFfDzYwKKMbDZqJHVawbgxFvNVVqM7ybg1pt,STEPNq2UGeGSzCyGVr2nMQAzf8xuejwqebd84wcksCK,255,NonFungible,Sneaker #974079229,,https://api.stepn.com/run/nftjson/103/85690034845
oqoAiq87QBJq4w1CkxuUajbm2UmB7GcxvfKRY4zvASR,3Yqb3DHJ1o9TfFb4V2vju6xm45Fa8UZREE6SqmVnUPaE,STEPNq2UGeGSzCyGVr2nMQAzf8xuejwqebd84wcksCK,255,NonFungible,Sneaker #460089137,,https://api.stepn.io/run/nftjson/103/47247949525
HB9n52jnBAPqa4XRhvPiAs3kTncLcNH92xWa9fZLqbQt,BZm6kmN1UgMedsZYkwgWiuexAiQTjD8y16NAKUMc6U5r,STEPNq2UGeGSzCyGVr2nMQAzf8xuejwqebd84wcksCK,250,NonFungible,Sneaker #638864344,,https://api.stepn.com/run/nftjson/103/191547998851
4m8HiQ9Grc1mYauEGSnjwkowjYwDCwyNoo9bBf2Knzdd,Ay6MhRdvv1D2V8i75GdAzBPiNwJvTvQQ7zwXDBuFQWKB,GH4QhJznKEHHv44AqEH5SUohkUauWyAFtu5u8zUWUKL4,255,,STEPN Shoebox #5980,,https://api.stepn.io/run/nftjson/103/244043760
8fA999ykPDYbev95ucVXx2w21D2suwdfDFJ23Q2vAvb3,GwKPb65RmZzyYUhhGDW5EJxUAFAgWVR5qodG92nReRGY,STEPNq2UGeGSzCyGVr2nMQAzf8xuejwqebd84wcksCK,255,NonFungible,Sneaker #709691016,,https://api.stepn.com/run/nftjson/103/161232683353
32EAt8VZpYW8ThUEnLJXGv29ZbENrL4nmvaPyDWENRc1,GMeGcmX9h9dZXbGbZLMrTpTqw91sDcH3ihomEnxrdPDQ,STEPNq2UGeGSzCyGVr2nMQAzf8xuejwqebd84wcksCK,255,NonFungible,Sneaker #611594766,,https://api.stepn.com/run/nftjson/103/92299908465
7KCSTVX9gjnox2ta5WzmehANmsjq7ve7sgDhaS2uc8H5,7Paq9xzJ8W2ZQ3EirENr7snT96AF15EeaxHmpbAmznmb,STEPNq2UGeGSzCyGVr2nMQAzf8xuejwqebd84wcksCK,255,NonFungible,Sneaker #269983486,,https://api.stepn.com/run/nftjson/103/148914350131
J5K3Kq5AXBWV1osjzimE4KWd1JMn4P3qQst9yWrhys9b,HtCV4SvVf321nz2e2V4YZokJYvpyLQfpGVqnETWMXkge,STEPNq2UGeGSzCyGVr2nMQAzf8xuejwqebd84wcksCK,253,NonFungible,Sneaker #102409232,,https://api.stepn.com/run/nftjson/103/38015395995
BRTD8vU8B2Ahkv7FU77yyB7B1ut3J7B6sfGyLa35UptA,5BG82FjChRDqhwNyNpgV2GZS6RyAZ2v2yXujbvwq8Ejx,STEPNq2UGeGSzCyGVr2nMQAzf8xuejwqebd84wcksCK,253,NonFungible,Sneaker #303026853,,https://api.stepn.com/run/nftjson/103/137900621455
CrhjLz4L3sVhzVoQAvZ6wPqWUX9kHeKLfrTdEqkezGgT,9cbEBcX8VZ6U8x5eAqvfrK7iREtgffxNGZzxnq4TypUL,STEPNq2UGeGSzCyGVr2nMQAzf8xuejwqebd84wcksCK,255,NonFungible,Sneaker #677834014,,https://api.stepn.com/run/nftjson/103/31998471153
8o7TMbuCSw22zL2jqzHSDaTBurPzx2UDJcU6GJmEp8qa,CrK6gREhE3FBvoXhC8mg2sfQKMXjiQ9Vj6qzyYD7bak3,STEPNq2UGeGSzCyGVr2nMQAzf8xuejwqebd84wcksCK,255,NonFungible,Sneaker #965250253,,https://api.stepn.com/run/nftjson/103/129598420951
DffrMoSPhVxVhQhkhieJBcAwit4s3ijUQDapv7uZBUTQ,25qHGdkmfdkbAt6ibZbdPBGGWgpkTEBYmhUkEyo3Uz3w,STEPNq2UGeGSzCyGVr2nMQAzf8xuejwqebd84wcksCK,255,NonFungible,Sneaker #222842015,,https://api.stepn.com/run/nftjson/103/94262197855
7XFdJnXwLVFo2uG8PqQ4PcSRvd1E4PgENoGxids2Zhj8,BhSVPkqHqzEPmbgxNowuBZYBcG6Msbz36CCHwGckbR9t,STEPNq2UGeGSzCyGVr2nMQAzf8xuejwqebd84wcksCK,254,NonFungible,Sneaker #461395957,,https://api.stepn.com/run/nftjson/103/66364249125
7qAh5NBv2dFnT8LMhwKUwusgP63tYdX4VGXUL66BvFpK,wNFRNRbtvcjzxxw1vZWce3R1hhjm7zthmHr1WfMvXHA,STEPNq2UGeGSzCyGVr2nMQAzf8xuejwqebd84wcksCK,255,NonFungible,Sneaker #667694202,,https://api.stepn.com/run/nftjson/103/82198951955
9AqpDdzscPiZ1ZLojETQ6wtSkAmPWyAVuQKXinmtrAo8,F36Y1Xpod3JggySMwU3PcNzo4gPjSPm79pYPuTidNQah,STEPNq2UGeGSzCyGVr2nMQAzf8xuejwqebd84wcksCK,251,NonFungible,Sneaker #851397183,,https://api.stepn.com/run/nftjson/103/43144855959
A6djY5EojVRAvVAcWYLbSg4NffSnLYLyjrUwMXtBEnMe,6Kanw1vv9sbPRkE6G6Ej7vkhenFiSERyZWTHz2rCt2aK,STEPNq2UGeGSzCyGVr2nMQAzf8xuejwqebd84wcksCK,255,NonFungible,Sneaker #272076972,,https://api.stepn.io/run/nftjson/103/156003302381
9At49swZJbYLd3yEkX9YRrWcPS6X5jEQyZxTaJuMsJCP,5o7DB4W3rNRoqUNabgFNm9A5xUwrxD1x7cVhsN24gU3H,STEPNq2UGeGSzCyGVr2nMQAzf8xuejwqebd84wcksCK,255,NonFungible,Sneaker #908054856,,https://api.stepn.com/run/nftjson/103/187114518427
Bnfnrx6o88gRxfAaVSWiKjMqQwkqHnKWVa2JDLSNHDMn,AoqkAqhQjyjM1BJYnTs1D4oLGtkhxeicUQuQkYLbzpXR,STEPNq2UGeGSzCyGVr2nMQAzf8xuejwqebd84wcksCK,255,NonFungible,Sneaker #890085601,,https://api.stepn.com/run/nftjson/103/154768294475
EZWdiP82RABJHoyAq19SU2VkZdVTDjGw4wvoHGk2ivRm,4fx1t14KJPiEAMpHUSkRgiZQtKuUkoXVQSTZMQuVBPNs,STEPNq2UGeGSzCyGVr2nMQAzf8xuejwqebd84wcksCK,255,NonFungible,Sneaker #661173838,,https://api.stepn.io/run/nftjson/103/105689794989
Bc4oxHgdN8LyppQLuDiUiRj5mhT8cckkGPrii95JvoLy,7TM8unkWXDWWW1aLrirsPVmHBZUx7cp77AEv1jWEtn9Y,STEPNq2UGeGSzCyGVr2nMQAzf8xuejwqebd84wcksCK,255,NonFungible,Sneaker #381589050,,https://api.stepn.com/run/nftjson/103/155586919059
61nUU2wyhhNi5j8kUZmaHkmU7WRhWUM4qmkp91swVmFY,4DXKozwVfwdQ6cVSWGEA1fdeoESxQ2N81vZFabEaXb6n,STEPNq2UGeGSzCyGVr2nMQAzf8xuejwqebd84wcksCK,255,NonFungible,Sneaker #593001650,,https://api.stepn.io/run/nftjson/103/116764452533
EVCmGoaE5HSGk9qi11ZXETgvRf6Axwx5wPc6SeuEhNo2,GjmQnsHDXTUcVWbj7HQq5Y8WhJVZnnPd9SgqD2KeYknE,STEPNq2UGeGSzCyGVr2nMQAzf8xuejwqebd84wcksCK,255,NonFungible,Sneaker #292104391,,https://api.stepn.com/run/nftjson/103/195533794009
7wWrfuU5tFu59XGpKehpYK7rRxAH19TvgdqcwGkroSw6,Dxo9RuPFcSJBYQPUoCUXMjckJE8aS4kgJEHEZcihL9my,STEPNq2UGeGSzCyGVr2nMQAzf8xuejwqebd84wcksCK,255,NonFungible,Sneaker #286393214,,https://api.stepn.com/run/nftjson/103/153128851015
ETLQgYFHYrzem397YoFg1KUwtaoaXaF4y2cbwRUH4ik5,A8JaTbf5YWZzeoaMtvKMfr1Qupv5FMkAPoKPFhSfMkx,STEPNq2UGeGSzCyGVr2nMQAzf8xuejwqebd84wcksCK,254,NonFungible,Sneaker #792182458,,https://api.stepn.io/run/nftjson/103/122346760957
5LfZwUCztubpqSsksyQRoWr6M2qiQnzEA1HGUFndjHHt,2u9rgBZCfeYN3qHKDJn5arKDHRe1eehFSvtdFe7bZUX3,STEPNq2UGeGSzCyGVr2nMQAzf8xuejwqebd84wcksCK,254,NonFungible,Sneaker #222716038,,https://api.stepn.com/run/nftjson/103/75009250439
AHg6JKmTrMP5UF9se4pV49tJictcistCgQ9dJNJw6D31,95JfTgCNFYWKt6xmb7FRFMMFAG3J6eveQv3ds36pjyBm,STEPNq2UGeGSzCyGVr2nMQAzf8xuejwqebd84wcksCK,255,NonFungible,Sneaker #371447732,,https://api.stepn.com/run/nftjson/103/158233697973
BmJ1bVeNHNasvV6TY4XiBC31WBhY7wp9q5sgFFb4HaUn,DkozWug8VHsTjNs1hB42LJb33EEPiEigM3zXj6z3bXSu,STEPNq2UGeGSzCyGVr2nMQAzf8xuejwqebd84wcksCK,254,NonFungible,Sneaker #234786782,,https://api.stepn.com/run/nftjson/103/24385734153
JD34uTE376CXLsSxaMmZdiA5wpCKFX9XWct7GAHZPxxA,H82v94qg9xtGQe6fWvqbozbykjC95q2sC7BaY9mdVVga,STEPNq2UGeGSzCyGVr2nMQAzf8xuejwqebd84wcksCK,255,NonFungible,Sneaker #954330552,,https://api.stepn.com/run/nftjson/103/112195571461
3wPhuj2diYnLi9ZWXeeSc5cbzyu8ET4wtQANprzSJwSK,3JqMtwVFQJSa2CpHmesbnff6BayzRVdLvwRQ7DrF5SQh,STEPNq2UGeGSzCyGVr2nMQAzf8xuejwqebd84wcksCK,254,NonFungible,Sneaker #371508838,,https://api.stepn.com/run/nftjson/103/195625517645
BiugRs76hQQDfZcRFAKdgbo81N9QKj63hCp4HLVmbKkK,5RQNULRWcJtkFaXGGyLTPwMQEYkwSdY2FMkS8yfANUCG,STEPNq2UGeGSzCyGVr2nMQAzf8xuejwqebd84wcksCK,255,NonFungible,Sneaker #396530910,,https://api.stepn.com/run/nftjson/103/52247546247
2V1tQ4i6z1dHEL3mtJYM7qKNgWCKsj4fAJK44qFZnr6P,BMMjkZza4wHHWHqbSQwdKku8rMNP5wwmAA76RNXQGeAQ,STEPNq2UGeGSzCyGVr2nMQAzf8xuejwqebd84wcksCK,255,NonFungible,Sneaker #907843746,,https://api.stepn.io/run/nftjson/103/153570500675
6e5o8Vh1wMQo6qtHAVR5iFE2433HkE3KfrmnFza78Kvc,2MVunKhcA4rkTPMqXrv2Nv1QbTwAmtLQCfoiThTnAdFY,STEPNq2UGeGSzCyGVr2nMQAzf8xuejwqebd84wcksCK,255,NonFungible,Sneaker #450473856,,https://api.stepn.io/run/nftjson/103/423866881
3uPUckg9rdUWD2eRVyxcWePcCP8yPig9h82NCifFeaqv,CGcLg1NNPZ9zHLgJC4s8TN7SDU7rSVd4jnYMPu5gqUV7,STEPNq2UGeGSzCyGVr2nMQAzf8xuejwqebd84wcksCK,253,NonFungible,Sneaker #791090011,,https://api.stepn.com/run/nftjson/103/49591650785
CANrmfRHpxikU31uQTH4zoYwTYUKPeiNfDHDtQ4tfo4X,5s58jEakCLY1y54M5eecr6hVe9SddKoQpMmr1CcjybJ2,STEPNq2UGeGSzCyGVr2nMQAzf8xuejwqebd84wcksCK,254,NonFungible,Sneaker #697607973,,https://api.stepn.com/run/nftjson/103/104676603615
7uFJ1KwubBKegdrsjeGFnwU871n9eSKdjC7QESesyU8g,B9EHEx1F4uLwSznKfLgrTebR2eLMY4tNWwiAAPBrdUR2,STEPNq2UGeGSzCyGVr2nMQAzf8xuejwqebd84wcksCK,237,NonFungible,Sneaker #297690595,,https://api.stepn.com/run/nftjson/103/38455596081
9CaL3jK4jtT8EUqj1SEwamQqznoLU4teaFrddKLjbBuh,5MR6xoiovvisRahUeMChKvzvnx9TV7zAzVuheMM993gZ,STEPNq2UGeGSzCyGVr2nMQAzf8xuejwqebd84wcksCK,253,NonFungible,Sneaker #805004044,,https://api.stepn.com/run/nftjson/103/132952662595
DGfH3rgRJiTyLVVUm1S1f438Zbw81RSeJQaH9FbBkKSt,CR8fYiHucmSrBFqSXqXc5QoBbHYELUDqGeXabMjny6dv,STEPNq2UGeGSzCyGVr2nMQAzf8xuejwqebd84wcksCK,253,NonFungible,Sneaker #749626654,,https://api.stepn.io/run/nftjson/103/131587965905
2DjnZtdtLaAqeW7edsiJU8KiMFRpSWNyuYYDCDzgabAR,9ma7e7q9yBQKqQxTTui11Y3Kv2RHdMK5hQz95U3mtjhv,STEPNq2UGeGSzCyGVr2nMQAzf8xuejwqebd84wcksCK,255,,STEPN Shoebox #203594384,,https://api.stepn.io/run/nftjson/103/203594384
61EpmxvhmxhNpAs8TjiVhztveRnwHmuuYEexjeEeJtj7,69GSrbe8ToKQJ1GwJGty77reMNUtWU45MC5WJ2XJEK6N,STEPNq2UGeGSzCyGVr2nMQAzf8xuejwqebd84wcksCK,255,NonFungible,Sneaker #569473481,,https://api.stepn.com/run/nftjson/103/165792251795
FPUYz7n5dtCHHhJfZaYjdccUJ1gTrhar14CCtbkFKcoe,AyBbadcc44vKHrKhLUguWRqX3fDo6y3rxT5CssRuRvij,STEPNq2UGeGSzCyGVr2nMQAzf8xuejwqebd84wcksCK,255,NonFungible,Sneaker #523945040,,https://api.stepn.io/run/nftjson/103/523955105
4ennA6fyfwHvTpQXnSE3sWkCXSmFhpQ76ekop9xhwXZw,D1SrHC5929XkV7fCAYkAFCUu8oapEn37LsHXLrK5z1u,STEPNq2UGeGSzCyGVr2nMQAzf8xuejwqebd84wcksCK,255,NonFungible,STEPN Shoebox #688219756,,https://api.stepn.com/run/nftjson/103/74231694976
D6VYhSnVfS1LDbjEq8LQLwnBFBUsXSuEDNm8wuYKXq8h,4NkD9eo8rbFd77Bjs7zP4GzUTviNBYkuMC6x1MipcLM6,STEPNq2UGeGSzCyGVr2nMQAzf8xuejwqebd84wcksCK,255,NonFungible,Sneaker #187462997,,https://api.stepn.io/run/nftjson/103/176702728479
FPeuaRjc1PBjX5KTNnTknwcyh4ZUKemwWZkd3gdWMKJN,GFMDmURUL4wfXDa9kMEC3bJQiAYRvFyeNX145wbUNQ6T,STEPNq2UGeGSzCyGVr2nMQAzf8xuejwqebd84wcksCK,253,NonFungible,Sneaker #455184432,,https://api.stepn.com/run/nftjson/103/455183425
HUg15iiyfjuYCtqqDqvSgWRYbCiPjaSE8SzLyHmdKxpH,A4ecMRzzBkR9MMnXPmFsapk592KGtC5CRFQDozGVke2z,STEPNq2UGeGSzCyGVr2nMQAzf8xuejwqebd84wcksCK,255,NonFungible,Sneaker #620613084,,https://api.stepn.com/run/nftjson/103/184042655901
EJ4PiKwUQp8YJS8N4rFUAD9qdUPPnTjkMvyUP95eQe8,3bgm2WULUSS2XSYBeKkNgzMwPWABsL1Y2HjR7XijHHHG,STEPNq2UGeGSzCyGVr2nMQAzf8xuejwqebd84wcksCK,255,NonFungible,Sneaker #803162763,,https://api.stepn.com/run/nftjson/103/28206081265
HQhKu5oqvKghMSedmKnEeFFmWHCJvaBHiJZAzFDZSuHf,4PjSMgp14xuuPUYXXCWyLsGjHyi8yreUfeP85Zpp2vKX,STEPNq2UGeGSzCyGVr2nMQAzf8xuejwqebd84wcksCK,254,NonFungible,Sneaker #739235892,,https://api.stepn.com/run/nftjson/103/107341659779
DtvJFcn7CXuPQYivfZEiQHoUnnnN2fW87ipnUhygSD64,8xRBrEfS3kiVr8waroetAGojYwdjcDdpvVwMf3JwmsRV,STEPNq2UGeGSzCyGVr2nMQAzf8xuejwqebd84wcksCK,255,NonFungible,Sneaker #270202628,,https://api.stepn.com/run/nftjson/103/81246181771
5wjaAUYfW2gT2cF1AEHWDYovuuNioiYWpJgjs3ft3zFZ,ESXJm1KaYcvNER6kRw4MzPXqg9t85taw3gwtcZoBCdig,STEPNq2UGeGSzCyGVr2nMQAzf8xuejwqebd84wcksCK,255,NonFungible,Sneaker #397746824,,https://api.stepn.com/run/nftjson/103/114416945639
EngXEXd3PG3wcKic5yKvKAQR9LLDaixwGCzDkj8KLxuw,8QFN1Qt3rqVcYJF8KeQ4Sh2uQtt3qRSFtq6QAFo5Fo3i,STEPNq2UGeGSzCyGVr2nMQAzf8xuejwqebd84wcksCK,253,NonFungible,Sneaker #628160773,,https://api.stepn.com/run/nftjson/103/62591763639
8E3mujMRzYex6AQdsWUi3L5KpvaFaV1ZZ4LAvDfAJcYR,G6pizMyjknHAfykxC8j3NA3qv6CN6N7QBLSBxxAVEJ4V,STEPNq2UGeGSzCyGVr2nMQAzf8xuejwqebd84wcksCK,253,NonFungible,Sneaker #448388794,,https://api.stepn.com/run/nftjson/103/43993433861
3JAqRaj5YfrQ71gZ1pye6n9Tuoa4VYtPs43pBTURMPyx,DSGejMV9HG1H6yzdBPN9ckWj35D3mNDdpGexcbwA2k5i,STEPNq2UGeGSzCyGVr2nMQAzf8xuejwqebd84wcksCK,254,NonFungible,Sneaker #575275815,,https://api.stepn.com/run/nftjson/103/101286598493
59rkZNZbaoqiaej1im2h4CgZUSZdC5r8qdEz2WysAUxX,9cQpmZEti9hEheYgDq98sidrenxorBahXxNtxJteCort,STEPNq2UGeGSzCyGVr2nMQAzf8xuejwqebd84wcksCK,255,NonFungible,Sneaker #295877357,,https://api.stepn.com/run/nftjson/103/133287138883
2UkEhtQ5F5o1KAzfaNRT6wGsjfvCpDcshpdZHweL6kCs,8vPGotCq9U2ppjDNYz4xcdEHckT8Xof3uy5ZDrsJmjZW,STEPNq2UGeGSzCyGVr2nMQAzf8xuejwqebd84wcksCK,255,NonFungible,Sneaker #811525663,,https://api.stepn.com/run/nftjson/103/126079525395
AMwbaPGPWU48X816bU2xP1n1qtcoHzbXJ6TpEfF2mhvK,AgNkJVhzYcQXBNPUgg6FyzdUUhnTwKBGJ818pye5kGSn,STEPNq2UGeGSzCyGVr2nMQAzf8xuejwqebd84wcksCK,254,NonFungible,Sneaker #958977827,,https://api.stepn.com/run/nftjson/103/88868363269
FKeXCZFJpRXuppwaNrwYNkPYevGgXpzAbGU6HepDqtnU,Cuohsjng72q5PgQUMNygQbTiB4qFDw8yXjdx2XnBuDJs,STEPNq2UGeGSzCyGVr2nMQAzf8xuejwqebd84wcksCK,253,NonFungible,Sneaker #534278534,,https://api.stepn.com/run/nftjson/103/115315438565
Bfdomzzh5cavirRBqCgsJxK3h174AoN1WXiygqJRZjey,93AyoRvyJAED9iwVrFWMFVYWgKqCutQwJgQfNrmWWNwf,GH4QhJznKEHHv44AqEH5SUohkUauWyAFtu5u8zUWUKL4,254,,STEPN Shoebox #5955,,https://api.stepn.io/run/nftjson/103/244020032
78M3NgnWnPdp2b2unBuDkk37J1KXSSasjmnFjsrC39mC,FJutyoiNmZ8oWP1GyaWgwH5taTJGXymmgKtd8cam6XSi,STEPNq2UGeGSzCyGVr2nMQAzf8xuejwqebd84wcksCK,252,NonFungible,Sneaker #984215276,,https://api.stepn.com/run/nftjson/103/144772227139
6Ufuqoi4WWgB6tWD3NPdFu4AiGfE9Qes54yq81NKYrHh,A9ZGkuYLmv7xFqwuLGgLb4JEr3gorgmHhJaFu9dxu65k,STEPNq2UGeGSzCyGVr2nMQAzf8xuejwqebd84wcksCK,255,NonFungible,Sneaker #809433181,,https://api.stepn.com/run/nftjson/103/83680210223
EBTbLjckTt3oPrHMdUnaHgfxfzQJHqSKVKdbUzBEKumF,FBLYdeTaxA5g5DcmGyhnAJoGJ4aTqrbhikhAYfExy49H,STEPNq2UGeGSzCyGVr2nMQAzf8xuejwqebd84wcksCK,255,NonFungible,Sneaker #713116855,,https://api.stepn.com/run/nftjson/103/187693792383
ALsiPyvrmpQowDhnzwHqGP9MYaWMGMF2An9mJZbM1jSU,4ij8zxdUTLA1RpENX5aKuRicsYBtzGtHYAomrkey2nHH,STEPNq2UGeGSzCyGVr2nMQAzf8xuejwqebd84wcksCK,253,NonFungible,Sneaker #894423330,,https://api.stepn.com/run/nftjson/103/96335472533
8dC4zqkkqHj1wRs4KoESY6swwENTJ1tsLyND23zd6ZF2,13uMhR5sTTLuvFTWH8NzEM99e5LrmKsxhodH1KV9qmUH,STEPNq2UGeGSzCyGVr2nMQAzf8xuejwqebd84wcksCK,255,NonFungible,Sneaker #365334848,,https://api.stepn.io/run/nftjson/103/190540724407
35khLeSKNhKazcZf5A2SfhRasWvFeU6FWv4zrQzcwMgc,9cxHxcQKcQUaaAbEb45tZuqJSK52UAK1ZjtejTrqdCqc,STEPNq2UGeGSzCyGVr2nMQAzf8xuejwqebd84wcksCK,252,NonFungible,Sneaker #753089572,,https://api.stepn.io/run/nftjson/103/199327113103
DdPjEKpXR8VBY51CvG7JuoFAdFDotXFqdo6fzgPmfq4Z,ErEuQQLvBXgiixKdYEoZskiR858sQ8mEVCAiuniSUPEB,STEPNq2UGeGSzCyGVr2nMQAzf8xuejwqebd84wcksCK,252,NonFungible,Sneaker #442835008,,https://api.stepn.io/run/nftjson/103/442850689
4YkMuzU8nXV7EmWApMGX8pvRKJwCx3q31ikxcQ4SeHWT,AvCLT64BYUkpakVQqd2oeqJAMTsCQ2cYFCgvrGujURMk,STEPNq2UGeGSzCyGVr2nMQAzf8xuejwqebd84wcksCK,253,NonFungible,Sneaker #946309759,,https://api.stepn.com/run/nftjson/103/20801951657
9UMvHDSCYHf11PWNvVkjhHejjDyMN68SCdmDfwQ3NRoK,4FmJCyNWeZtyVgxEMMZSFk3J14kALs51uJdA6QsEeJX1,STEPNq2UGeGSzCyGVr2nMQAzf8xuejwqebd84wcksCK,255,NonFungible,Sneaker #424829570,,https://api.stepn.com/run/nftjson/103/150471048269
5nF5rVMJkWDEcreQhhDmeWZrHdvbjkawFyJ8tQWrdBP8,72tc2Ba8nvMGu7bYWgepiyzBQmhzj6DbbeCFPamdrDJF,STEPNq2UGeGSzCyGVr2nMQAzf8xuejwqebd84wcksCK,255,NonFungible,Sneaker #915454800,,https://api.stepn.com/run/nftjson/103/46220014333
AGXb8XA8hB8awbJZgA9MNn6wTBPHJqNcmtjwuaSrGVn6,8zmtvekfq7fQuuaPUZefZRSH5sYaijaxHC7X5i9PfLo2,STEPNq2UGeGSzCyGVr2nMQAzf8xuejwqebd84wcksCK,254,NonFungible,Sneaker #984375822,,https://api.stepn.com/run/nftjson/103/157449300633
